Student_ID,Attendance,Math_Score,Parent_Income,Has_Internet,Parent_Education,Teacher_ID,Dropout_Risk
STU_1000,45.54,59.73,28196.35,0,0,TCH_284,0
STU_1001,72.56,56.51,2928.26,0,1,TCH_302,1
STU_1002,33.75,62.91,9079.59,0,2,TCH_111,1
STU_1003,62.0,58.37,40971.06,0,0,TCH_173,0
STU_1004,94.37,59.77,12488.8,0,0,TCH_323,0
STU_1005,74.88,44.28,18275.6,0,0,TCH_115,0
STU_1006,72.69,79.01,38558.79,0,2,TCH_299,0
STU_1007,97.31,89.45,33047.68,0,0,TCH_201,0
STU_1008,65.94,81.82,12451.92,0,1,TCH_303,0
STU_1009,88.93,73.47,10634.36,1,0,TCH_251,0
STU_1010,71.94,62.6,8225.75,0,0,TCH_255,0
STU_1011,75.7,61.59,21042.05,1,0,TCH_216,0
STU_1012,51.74,44.46,7073.83,1,0,TCH_107,0
STU_1013,62.77,53.74,6312.98,0,2,TCH_221,0
STU_1014,49.04,51.6,8606.67,0,0,TCH_191,1
STU_1015,68.57,52.7,4925.91,0,1,TCH_263,1
STU_1016,75.86,48.82,19817.55,1,1,TCH_189,0
STU_1017,53.35,53.61,16366.09,0,1,TCH_235,0
STU_1018,100.0,71.34,11892.16,0,0,TCH_285,0
STU_1019,74.17,32.11,9422.46,0,0,TCH_159,0
STU_1020,70.87,68.05,37963.75,1,0,TCH_277,0
STU_1021,81.54,57.85,2443.34,0,0,TCH_127,1
STU_1022,57.57,61.16,23987.06,0,1,TCH_319,0
STU_1023,72.45,69.85,36827.98,0,0,TCH_200,0
STU_1024,59.25,58.38,10868.46,0,1,TCH_140,0
STU_1025,93.38,100.0,14000.65,0,0,TCH_327,0
STU_1026,54.12,51.09,45360.77,1,2,TCH_291,0
STU_1027,70.95,59.71,5579.14,1,0,TCH_254,0
STU_1028,74.94,71.8,13013.75,1,0,TCH_345,0
STU_1029,75.92,65.0,11657.39,0,2,TCH_290,0
STU_1030,61.28,68.37,6484.03,0,0,TCH_244,0
STU_1031,56.57,41.25,27605.2,0,2,TCH_300,0
STU_1032,61.5,44.38,36478.98,0,0,TCH_260,0
STU_1033,77.92,74.41,24844.26,0,0,TCH_344,0
STU_1034,67.84,49.06,5260.39,0,1,TCH_311,0
STU_1035,81.94,75.26,3361.16,0,2,TCH_304,0
STU_1036,77.16,69.99,15949.93,0,0,TCH_319,0
STU_1037,35.85,34.56,2881.84,0,2,TCH_339,1
STU_1038,73.71,67.9,18758.94,1,1,TCH_256,0
STU_1039,100.0,67.65,13338.88,0,2,TCH_240,0
STU_1040,89.88,63.93,18305.55,1,0,TCH_145,0
STU_1041,76.33,63.43,15380.22,1,0,TCH_134,0
STU_1042,54.11,53.25,10240.97,0,2,TCH_233,0
STU_1043,77.16,63.26,5363.61,0,2,TCH_181,0
STU_1044,81.1,72.99,7472.81,0,0,TCH_214,0
STU_1045,66.19,63.6,13150.84,1,0,TCH_296,0
STU_1046,74.75,80.14,17827.61,0,0,TCH_146,0
STU_1047,92.64,74.63,24676.71,1,1,TCH_252,0
STU_1048,57.14,66.23,23861.75,0,0,TCH_293,0
STU_1049,54.13,61.68,56006.84,1,0,TCH_109,0
STU_1050,80.39,91.17,7049.75,1,0,TCH_155,0
STU_1051,76.86,64.85,3106.49,0,1,TCH_129,1
STU_1052,85.43,67.06,8361.85,0,0,TCH_341,0
STU_1053,78.55,79.71,22397.39,0,0,TCH_208,0
STU_1054,61.48,60.74,10646.78,0,1,TCH_104,0
STU_1055,76.48,78.71,27538.8,0,1,TCH_218,0
STU_1056,52.87,58.89,13955.18,1,0,TCH_347,0
STU_1057,66.25,38.68,41844.34,0,0,TCH_132,0
STU_1058,77.54,70.29,46308.33,1,1,TCH_217,0
STU_1059,64.59,61.87,3077.35,1,2,TCH_164,0
STU_1060,100.0,81.33,11143.49,0,1,TCH_245,0
STU_1061,41.62,43.65,16112.17,1,2,TCH_323,0
STU_1062,61.79,41.15,6433.14,0,1,TCH_338,0
STU_1063,55.93,62.3,9840.36,1,1,TCH_276,0
STU_1064,59.49,59.43,18983.23,0,0,TCH_110,0
STU_1065,60.36,67.23,5856.99,0,0,TCH_184,0
STU_1066,50.1,34.67,15818.85,0,0,TCH_125,1
STU_1067,81.29,73.85,19932.52,0,0,TCH_162,0
STU_1068,61.79,54.73,3422.84,0,1,TCH_316,1
STU_1069,72.45,64.91,12323.27,0,0,TCH_185,0
STU_1070,63.48,55.85,6579.14,0,1,TCH_158,0
STU_1071,59.64,61.22,21331.33,1,0,TCH_126,0
STU_1072,95.08,75.42,5152.59,0,0,TCH_276,0
STU_1073,83.84,59.79,35417.44,0,2,TCH_304,0
STU_1074,41.98,46.05,10456.58,0,0,TCH_260,1
STU_1075,40.39,42.09,5309.76,1,0,TCH_197,0
STU_1076,85.64,70.55,10644.38,1,0,TCH_204,0
STU_1077,62.2,25.44,9882.59,0,2,TCH_198,1
STU_1078,45.26,53.98,10403.36,0,0,TCH_228,1
STU_1079,85.69,68.26,15212.45,0,1,TCH_248,0
STU_1080,72.54,50.04,13046.26,0,0,TCH_339,0
STU_1081,73.77,73.49,4433.85,1,1,TCH_154,0
STU_1082,82.14,75.65,3017.42,0,0,TCH_105,0
STU_1083,50.35,46.94,21607.56,1,1,TCH_319,0
STU_1084,45.53,35.79,14305.08,0,2,TCH_308,1
STU_1085,93.71,78.01,8670.91,1,1,TCH_296,0
STU_1086,48.44,50.3,26781.88,0,1,TCH_194,1
STU_1087,51.67,60.24,9366.78,1,1,TCH_232,0
STU_1088,54.66,48.36,25841.96,1,1,TCH_201,0
STU_1089,100.0,91.95,7473.98,1,0,TCH_102,0
STU_1090,77.4,61.04,3134.52,0,1,TCH_280,1
STU_1091,84.48,57.23,42465.49,0,0,TCH_122,0
STU_1092,72.94,52.44,9526.78,0,0,TCH_328,0
STU_1093,60.97,55.96,25603.29,0,0,TCH_152,0
STU_1094,79.47,67.03,6909.74,0,0,TCH_264,0
STU_1095,46.65,51.27,17592.35,0,0,TCH_301,1
STU_1096,53.57,51.24,32990.29,0,1,TCH_301,0
STU_1097,80.99,78.37,2638.04,0,0,TCH_182,0
STU_1098,49.64,47.17,28635.55,0,0,TCH_244,1
STU_1099,67.16,40.34,14706.12,0,1,TCH_184,0
STU_1100,67.85,59.5,16027.2,0,0,TCH_177,0
STU_1101,62.07,37.17,13108.55,0,1,TCH_300,0
STU_1102,40.73,47.15,33128.77,0,1,TCH_209,1
STU_1103,60.57,66.91,2666.07,0,2,TCH_100,1
STU_1104,57.63,44.71,6537.44,1,1,TCH_150,0
STU_1105,72.42,77.64,33283.41,1,0,TCH_272,0
STU_1106,71.66,71.42,22935.82,1,0,TCH_304,0
STU_1107,75.67,77.47,2267.04,1,0,TCH_103,0
STU_1108,59.86,57.81,12916.27,0,2,TCH_289,0
STU_1109,77.84,56.78,13311.71,0,0,TCH_292,0
STU_1110,46.66,55.8,9684.45,0,0,TCH_212,0
STU_1111,42.67,39.36,7294.37,0,0,TCH_331,1
STU_1112,34.97,42.16,19172.59,0,2,TCH_131,1
STU_1113,62.51,55.79,5493.94,0,0,TCH_133,0
STU_1114,58.7,66.47,26062.92,0,2,TCH_191,0
STU_1115,81.84,76.41,26371.1,0,0,TCH_194,0
STU_1116,60.27,55.36,10048.86,1,0,TCH_171,0
STU_1117,74.1,44.94,7001.66,0,0,TCH_138,0
STU_1118,82.2,62.97,7008.57,0,2,TCH_253,0
STU_1119,59.71,62.87,11875.14,0,2,TCH_349,0
STU_1120,74.47,67.48,21071.96,0,0,TCH_261,0
STU_1121,85.03,55.99,8667.81,0,0,TCH_281,0
STU_1122,51.43,32.79,16125.8,1,1,TCH_217,0
STU_1123,70.37,64.18,9230.77,0,0,TCH_102,0
STU_1124,59.77,45.29,7447.36,0,0,TCH_222,0
STU_1125,52.38,41.82,2377.61,0,0,TCH_149,1
STU_1126,46.95,54.9,2058.83,0,0,TCH_111,1
STU_1127,52.14,63.31,5866.17,1,0,TCH_292,0
STU_1128,70.9,55.03,9823.4,0,0,TCH_153,0
STU_1129,45.84,47.05,30583.45,1,0,TCH_335,0
STU_1130,61.74,56.3,26028.32,1,2,TCH_232,0
STU_1131,82.2,67.68,6662.53,1,0,TCH_321,0
STU_1132,76.74,66.45,6206.44,0,1,TCH_321,0
STU_1133,62.04,64.79,5868.39,0,0,TCH_156,0
STU_1134,95.35,70.47,8215.41,0,1,TCH_244,0
STU_1135,98.4,63.78,12343.27,0,0,TCH_211,0
STU_1136,70.39,79.14,10661.64,1,1,TCH_146,0
STU_1137,32.97,50.68,5693.75,1,0,TCH_250,0
STU_1138,83.3,58.94,4096.72,1,2,TCH_306,0
STU_1139,35.59,42.71,2189.86,1,0,TCH_328,1
STU_1140,92.14,85.39,4507.89,0,0,TCH_184,0
STU_1141,86.25,79.24,20329.83,0,2,TCH_241,0
STU_1142,96.61,82.59,6188.54,0,1,TCH_165,0
STU_1143,73.9,62.64,11483.65,1,0,TCH_174,0
STU_1144,64.58,76.02,15421.65,1,2,TCH_278,0
STU_1145,63.25,60.16,34684.41,0,0,TCH_202,0
STU_1146,61.81,51.93,34953.81,1,0,TCH_265,0
STU_1147,84.72,79.54,22540.6,1,2,TCH_291,0
STU_1148,80.68,69.37,2536.85,1,0,TCH_325,0
STU_1149,71.8,66.58,14837.48,1,2,TCH_137,0
STU_1150,59.17,57.53,25167.64,0,0,TCH_149,0
STU_1151,100.0,84.97,2261.59,0,1,TCH_197,0
STU_1152,83.69,60.43,13967.11,0,1,TCH_181,0
STU_1153,46.03,33.11,31254.03,0,2,TCH_129,1
STU_1154,62.26,71.7,11639.72,0,1,TCH_178,0
STU_1155,83.98,72.88,2061.72,0,0,TCH_190,0
STU_1156,58.01,62.51,2166.12,1,1,TCH_278,1
STU_1157,75.27,47.57,10084.16,0,0,TCH_290,0
STU_1158,84.26,81.22,4526.43,1,1,TCH_325,0
STU_1159,19.17,26.29,18379.79,0,2,TCH_151,1
STU_1160,68.38,52.97,20506.14,0,0,TCH_348,0
STU_1161,68.97,60.75,4938.03,0,1,TCH_265,1
STU_1162,63.82,48.51,34910.44,0,0,TCH_324,0
STU_1163,74.53,64.7,10748.47,0,0,TCH_315,0
STU_1164,79.86,66.55,4312.06,0,0,TCH_178,1
STU_1165,72.13,73.88,23674.85,0,1,TCH_129,0
STU_1166,64.39,73.77,25407.89,0,0,TCH_346,0
STU_1167,79.49,82.51,17295.44,0,1,TCH_205,0
STU_1168,70.74,39.8,30807.42,1,0,TCH_150,0
STU_1169,66.54,50.57,22055.31,0,1,TCH_180,0
STU_1170,50.32,27.44,34082.24,0,0,TCH_232,1
STU_1171,46.56,36.0,10534.45,1,2,TCH_128,0
STU_1172,50.03,43.52,22650.93,0,0,TCH_231,1
STU_1173,74.17,68.61,126504.84,1,1,TCH_237,0
STU_1174,68.81,56.09,21361.01,1,0,TCH_283,0
STU_1175,47.8,43.76,3818.69,1,1,TCH_244,1
STU_1176,79.69,69.63,12957.09,0,0,TCH_173,0
STU_1177,90.61,57.28,15277.25,1,1,TCH_116,0
STU_1178,61.02,48.23,4871.23,1,0,TCH_183,1
STU_1179,43.89,41.3,51408.69,0,1,TCH_315,1
STU_1180,59.36,53.59,4896.12,0,0,TCH_168,1
STU_1181,82.82,70.46,4932.16,0,0,TCH_133,0
STU_1182,78.23,81.94,39006.08,1,0,TCH_105,0
STU_1183,56.16,62.78,11388.09,0,0,TCH_152,0
STU_1184,92.82,68.0,2979.09,1,0,TCH_293,0
STU_1185,90.22,71.52,15676.55,0,2,TCH_304,0
STU_1186,59.0,52.11,15813.01,1,2,TCH_225,0
STU_1187,58.85,50.17,3000.12,0,1,TCH_334,1
STU_1188,61.11,59.39,55915.81,0,0,TCH_142,0
STU_1189,62.39,38.84,13779.92,0,0,TCH_339,0
STU_1190,84.26,79.36,14307.75,0,1,TCH_302,0
STU_1191,76.38,82.76,13013.14,0,0,TCH_214,0
STU_1192,83.16,67.2,16152.3,0,2,TCH_210,0
STU_1193,80.1,65.17,6603.99,0,0,TCH_348,0
STU_1194,95.72,79.0,7079.19,1,2,TCH_250,0
STU_1195,54.11,62.66,12741.3,1,0,TCH_282,0
STU_1196,75.71,62.18,26651.58,0,1,TCH_179,0
STU_1197,37.39,51.78,2767.26,0,0,TCH_194,1
STU_1198,50.25,55.03,15872.57,0,2,TCH_302,0
STU_1199,68.88,84.94,26658.74,1,0,TCH_217,0
STU_1200,76.27,62.48,4560.35,0,1,TCH_243,1
STU_1201,68.47,41.32,2227.05,0,2,TCH_107,1
STU_1202,61.49,42.57,7625.06,0,0,TCH_231,0
STU_1203,64.16,58.61,15306.21,1,0,TCH_203,0
STU_1204,90.54,84.6,4232.43,0,0,TCH_231,0
STU_1205,64.24,52.02,10330.09,1,0,TCH_283,0
STU_1206,96.24,75.43,14055.2,0,0,TCH_124,0
STU_1207,81.91,75.99,15702.54,0,0,TCH_294,0
STU_1208,76.86,56.47,6811.59,0,0,TCH_195,0
STU_1209,52.1,45.14,9663.13,0,1,TCH_294,1
STU_1210,84.03,58.74,24599.11,0,1,TCH_254,0
STU_1211,62.59,69.34,44507.95,0,0,TCH_192,0
STU_1212,52.08,66.67,31694.52,0,2,TCH_259,0
STU_1213,77.69,50.82,14461.45,0,2,TCH_277,0
STU_1214,49.18,48.09,9921.94,0,1,TCH_160,1
STU_1215,58.57,69.21,8073.5,1,0,TCH_221,0
STU_1216,69.85,65.9,4002.23,0,0,TCH_150,1
STU_1217,100.0,75.11,3689.99,0,1,TCH_246,0
STU_1218,59.7,40.36,19488.48,0,1,TCH_120,0
STU_1219,63.13,69.41,6512.41,0,0,TCH_104,0
STU_1220,80.99,72.2,6408.76,0,1,TCH_309,0
STU_1221,51.43,36.13,96758.37,0,0,TCH_191,1
STU_1222,76.64,77.88,5122.46,0,0,TCH_269,0
STU_1223,88.09,56.85,4403.58,0,1,TCH_160,0
STU_1224,65.39,57.03,3558.51,1,1,TCH_121,1
STU_1225,85.39,68.59,15005.56,0,0,TCH_248,0
STU_1226,74.37,80.81,16827.43,0,1,TCH_169,0
STU_1227,59.04,52.81,8817.34,0,2,TCH_100,0
STU_1228,67.03,57.57,13499.11,0,1,TCH_232,0
STU_1229,64.3,44.95,25295.83,1,1,TCH_332,0
STU_1230,68.69,54.81,27564.82,0,0,TCH_111,0
STU_1231,72.29,55.2,49519.92,0,0,TCH_189,0
STU_1232,78.82,59.64,28081.93,0,0,TCH_145,0
STU_1233,77.63,66.64,14480.67,0,1,TCH_133,0
STU_1234,33.52,15.77,4970.49,0,1,TCH_276,1
STU_1235,68.54,46.02,3576.47,0,0,TCH_177,1
STU_1236,47.36,47.31,2840.81,0,0,TCH_317,1
STU_1237,65.86,60.73,18472.85,0,0,TCH_144,0
STU_1238,68.14,58.55,26717.71,0,0,TCH_254,0
STU_1239,84.64,70.38,12660.02,0,2,TCH_172,0
STU_1240,69.55,57.64,2844.02,0,1,TCH_125,1
STU_1241,73.89,64.15,13500.96,1,0,TCH_348,0
STU_1242,81.9,73.48,43174.43,0,1,TCH_146,0
STU_1243,88.42,77.32,15655.12,0,1,TCH_220,0
STU_1244,68.15,54.0,26865.84,0,1,TCH_313,0
STU_1245,71.41,72.0,26153.02,0,0,TCH_338,0
STU_1246,70.15,63.66,42352.22,0,0,TCH_155,0
STU_1247,61.86,69.44,24060.07,1,0,TCH_193,0
STU_1248,58.46,69.41,22657.08,1,2,TCH_206,0
STU_1249,35.92,27.13,6000.61,0,1,TCH_162,1
STU_1250,53.85,43.72,2926.94,0,1,TCH_147,1
STU_1251,43.32,54.13,12934.71,0,0,TCH_160,1
STU_1252,88.83,56.65,3993.27,0,0,TCH_180,0
STU_1253,72.83,77.9,51130.06,1,0,TCH_125,0
STU_1254,68.11,57.43,7135.77,0,2,TCH_135,0
STU_1255,59.24,61.29,30754.15,0,0,TCH_100,0
STU_1256,70.45,61.1,9356.15,0,0,TCH_107,0
STU_1257,57.28,40.44,7855.56,0,2,TCH_212,0
STU_1258,72.61,74.12,43037.16,1,1,TCH_198,0
STU_1259,73.69,91.72,8772.38,0,1,TCH_279,0
STU_1260,57.08,49.1,9421.53,0,0,TCH_306,0
STU_1261,56.79,50.85,3682.28,0,1,TCH_146,1
STU_1262,84.43,44.17,18650.26,1,0,TCH_226,0
STU_1263,69.21,75.04,7112.86,1,1,TCH_155,0
STU_1264,58.28,64.09,15214.0,0,0,TCH_313,0
STU_1265,64.44,41.33,15423.51,0,0,TCH_113,0
STU_1266,54.84,32.26,21051.67,0,1,TCH_317,1
STU_1267,68.99,41.9,22511.59,0,1,TCH_127,0
STU_1268,82.47,75.94,12837.17,0,1,TCH_314,0
STU_1269,69.58,69.2,8029.39,0,0,TCH_177,0
STU_1270,100.0,70.77,29251.63,0,0,TCH_315,0
STU_1271,76.32,70.78,7563.03,0,1,TCH_229,0
STU_1272,73.45,65.66,12624.19,1,1,TCH_208,0
STU_1273,56.38,50.15,9693.73,0,2,TCH_253,0
STU_1274,66.42,69.56,30973.43,0,1,TCH_113,0
STU_1275,58.31,42.94,10482.36,0,0,TCH_286,0
STU_1276,37.52,53.98,9318.83,0,2,TCH_155,1
STU_1277,84.61,63.48,19559.22,0,0,TCH_214,0
STU_1278,62.33,75.21,15836.18,1,0,TCH_106,0
STU_1279,58.59,45.1,3701.68,0,0,TCH_102,1
STU_1280,73.16,60.38,12644.3,1,0,TCH_210,0
STU_1281,77.69,67.2,21947.48,0,1,TCH_250,0
STU_1282,65.19,59.64,74565.55,0,1,TCH_337,0
STU_1283,69.96,66.88,16879.24,0,1,TCH_206,0
STU_1284,81.19,55.86,8937.51,0,0,TCH_338,0
STU_1285,64.6,58.39,5845.69,0,0,TCH_336,0
STU_1286,74.54,66.1,32933.49,1,0,TCH_117,0
STU_1287,45.11,41.79,27275.78,1,1,TCH_349,0
STU_1288,51.38,54.87,5997.09,1,0,TCH_137,0
STU_1289,79.08,53.99,5359.01,1,2,TCH_326,0
STU_1290,50.6,47.09,20836.19,1,0,TCH_214,0
STU_1291,73.51,56.58,7674.0,0,0,TCH_114,0
STU_1292,67.8,57.44,7487.87,0,1,TCH_291,0
STU_1293,64.53,73.19,4478.25,0,2,TCH_316,1
STU_1294,57.57,69.21,6597.38,0,0,TCH_218,0
STU_1295,83.64,82.89,10366.34,1,1,TCH_328,0
STU_1296,95.95,72.95,21798.52,0,2,TCH_127,0
STU_1297,74.5,73.78,8149.06,0,2,TCH_301,0
STU_1298,74.84,66.03,7975.95,1,1,TCH_138,0
STU_1299,59.77,56.31,7030.27,0,1,TCH_284,0
STU_1300,52.06,50.46,11759.47,0,0,TCH_116,0
STU_1301,69.4,79.23,4988.42,1,2,TCH_330,0
STU_1302,55.39,66.89,11972.21,1,0,TCH_185,0
STU_1303,43.41,53.5,20269.84,0,2,TCH_317,1
STU_1304,82.05,67.53,2453.65,1,0,TCH_225,0
STU_1305,82.78,70.07,2147.41,1,0,TCH_143,0
STU_1306,57.12,59.58,3171.42,1,1,TCH_124,1
STU_1307,73.66,58.98,13507.08,1,0,TCH_244,0
STU_1308,85.03,80.4,30909.06,0,0,TCH_112,0
STU_1309,73.08,54.63,2073.45,0,1,TCH_311,1
STU_1310,52.1,55.18,43388.88,0,1,TCH_124,0
STU_1311,66.51,37.01,3685.42,0,1,TCH_167,1
STU_1312,89.9,68.44,29675.84,0,0,TCH_237,0
STU_1313,73.71,85.0,11891.47,0,1,TCH_166,0
STU_1314,78.09,77.21,18153.82,0,0,TCH_332,0
STU_1315,75.12,80.43,12721.17,0,0,TCH_208,0
STU_1316,57.17,47.63,11723.99,0,1,TCH_245,0
STU_1317,60.69,57.45,29018.01,1,2,TCH_210,0
STU_1318,75.08,77.87,23151.82,0,0,TCH_327,0
STU_1319,82.25,75.68,11907.36,0,1,TCH_210,0
STU_1320,86.5,76.98,3775.6,0,0,TCH_313,0
STU_1321,57.13,70.58,3839.35,0,0,TCH_133,1
STU_1322,76.5,55.49,26257.47,1,0,TCH_210,0
STU_1323,87.81,70.84,13305.9,0,2,TCH_107,0
STU_1324,55.19,35.58,11854.81,0,2,TCH_267,1
STU_1325,92.3,64.43,19118.11,0,1,TCH_212,0
STU_1326,94.58,87.49,31368.09,0,1,TCH_335,0
STU_1327,100.0,70.83,16868.17,0,1,TCH_182,0
STU_1328,73.46,71.43,23585.8,0,0,TCH_141,0
STU_1329,73.55,80.71,23739.82,0,0,TCH_268,0
STU_1330,82.4,67.66,8606.94,1,0,TCH_200,0
STU_1331,81.97,74.38,6804.8,0,1,TCH_105,0
STU_1332,86.9,79.57,26229.13,0,2,TCH_279,0
STU_1333,81.76,56.84,9102.44,0,0,TCH_125,0
STU_1334,68.41,54.88,37047.71,0,0,TCH_163,0
STU_1335,88.33,62.96,3083.57,0,0,TCH_325,0
STU_1336,53.93,46.99,2899.71,0,2,TCH_286,1
STU_1337,70.09,69.21,41260.29,1,0,TCH_283,0
STU_1338,93.46,70.12,17681.26,0,0,TCH_158,0
STU_1339,51.25,50.4,9160.85,1,1,TCH_208,0
STU_1340,59.84,45.48,23101.16,0,1,TCH_297,0
STU_1341,80.08,80.31,18736.08,1,0,TCH_328,0
STU_1342,75.91,60.09,13363.72,0,0,TCH_220,0
STU_1343,56.87,69.35,3561.64,1,1,TCH_132,1
STU_1344,63.76,58.86,27084.04,0,0,TCH_280,0
STU_1345,52.29,37.3,32151.33,1,2,TCH_249,0
STU_1346,84.71,69.11,4834.19,1,1,TCH_120,0
STU_1347,66.16,49.07,30508.05,0,0,TCH_297,0
STU_1348,96.88,84.02,33537.25,0,0,TCH_169,0
STU_1349,71.22,60.12,13958.58,1,0,TCH_346,0
STU_1350,66.7,61.65,18014.51,0,0,TCH_211,0
STU_1351,65.25,55.46,9224.76,0,2,TCH_103,0
STU_1352,66.34,54.25,6964.93,1,2,TCH_193,0
STU_1353,71.66,53.26,21201.1,0,0,TCH_174,0
STU_1354,100.0,88.36,31693.96,0,0,TCH_289,0
STU_1355,64.92,57.22,17923.11,0,0,TCH_161,0
STU_1356,65.4,56.1,12749.02,1,0,TCH_193,0
STU_1357,70.98,60.61,4596.11,0,1,TCH_194,1
STU_1358,86.35,65.02,2824.11,0,0,TCH_251,0
STU_1359,48.69,46.1,10850.52,0,2,TCH_154,1
STU_1360,76.83,68.15,2759.13,1,0,TCH_236,0
STU_1361,57.74,44.3,14636.36,0,1,TCH_346,0
STU_1362,78.3,58.09,9236.71,0,2,TCH_230,0
STU_1363,62.59,71.34,23232.09,0,0,TCH_342,0
STU_1364,35.44,37.64,7471.65,1,0,TCH_130,1
STU_1365,75.54,59.81,15483.49,1,0,TCH_139,0
STU_1366,75.42,51.81,13572.58,0,0,TCH_328,0
STU_1367,61.31,65.3,2070.85,0,2,TCH_135,1
STU_1368,60.42,45.7,3127.15,1,2,TCH_251,1
STU_1369,50.33,50.04,7145.14,0,2,TCH_322,0
STU_1370,81.6,51.88,34085.97,0,2,TCH_105,0
STU_1371,83.23,78.12,4385.2,1,0,TCH_165,0
STU_1372,56.81,65.86,20614.45,1,2,TCH_311,0
STU_1373,61.9,61.99,56383.82,0,2,TCH_319,0
STU_1374,69.05,46.09,25450.31,0,0,TCH_174,0
STU_1375,100.0,88.39,6174.8,0,0,TCH_103,0
STU_1376,78.18,58.63,37849.17,0,1,TCH_178,0
STU_1377,55.85,41.8,3465.96,1,0,TCH_233,1
STU_1378,74.56,60.9,11470.68,1,0,TCH_217,0
STU_1379,49.35,45.58,34777.62,1,2,TCH_212,0
STU_1380,80.77,63.41,17377.6,0,2,TCH_193,0
STU_1381,95.13,89.82,10007.44,0,0,TCH_347,0
STU_1382,95.2,97.24,7196.9,0,0,TCH_329,0
STU_1383,81.02,54.92,9052.44,0,2,TCH_278,0
STU_1384,61.25,49.86,12667.89,1,1,TCH_161,0
STU_1385,50.49,51.72,7763.86,0,0,TCH_284,0
STU_1386,49.0,45.51,54090.98,0,1,TCH_293,1
STU_1387,27.91,40.74,42563.33,0,2,TCH_178,1
STU_1388,80.41,77.4,32680.99,1,2,TCH_302,0
STU_1389,68.46,68.57,10218.31,1,0,TCH_235,0
STU_1390,83.64,76.28,19630.87,1,0,TCH_125,0
STU_1391,91.42,91.44,36969.29,0,2,TCH_278,0
STU_1392,71.5,47.01,30499.81,0,0,TCH_272,0
STU_1393,72.19,78.11,10024.91,0,1,TCH_143,0
STU_1394,63.04,53.69,3788.28,0,0,TCH_232,1
STU_1395,64.81,66.74,3179.65,0,0,TCH_169,1
STU_1396,80.93,58.26,14908.02,0,0,TCH_253,0
STU_1397,67.38,51.35,17434.67,0,0,TCH_217,0
STU_1398,65.21,65.75,30441.07,0,2,TCH_167,0
STU_1399,69.73,42.55,7190.58,0,0,TCH_118,0
STU_1400,83.29,79.87,4749.3,0,2,TCH_311,0
STU_1401,59.61,68.37,9146.5,0,2,TCH_324,0
STU_1402,69.0,63.18,8544.47,0,0,TCH_119,0
STU_1403,73.68,65.63,4131.56,0,1,TCH_212,1
STU_1404,87.4,64.11,18734.06,0,0,TCH_239,0
STU_1405,66.41,66.59,12660.26,1,1,TCH_146,0
STU_1406,59.23,59.02,21154.75,1,1,TCH_100,0
STU_1407,62.73,48.43,8523.98,0,0,TCH_189,0
STU_1408,85.8,67.56,7911.25,0,0,TCH_241,0
STU_1409,100.0,78.41,11596.25,0,1,TCH_163,0
STU_1410,50.29,46.25,33483.32,1,2,TCH_137,0
STU_1411,53.57,38.51,2616.73,1,0,TCH_136,1
STU_1412,67.47,67.47,26508.48,0,1,TCH_225,0
STU_1413,71.66,60.56,8906.45,0,0,TCH_238,0
STU_1414,81.8,69.24,30925.96,0,2,TCH_199,0
STU_1415,56.63,48.2,26307.71,0,0,TCH_176,0
STU_1416,54.05,57.18,8433.18,0,1,TCH_334,0
STU_1417,72.07,65.23,19756.5,0,0,TCH_102,0
STU_1418,66.12,71.8,4608.74,0,1,TCH_260,1
STU_1419,83.9,75.15,35991.13,0,2,TCH_233,0
STU_1420,77.31,64.36,9775.08,1,1,TCH_277,0
STU_1421,78.33,59.6,11121.77,1,1,TCH_347,0
STU_1422,68.43,69.72,20350.34,0,1,TCH_109,0
STU_1423,100.0,77.17,27792.16,0,2,TCH_104,0
STU_1424,57.43,52.74,6044.54,0,1,TCH_250,0
STU_1425,79.16,65.78,18241.83,0,2,TCH_237,0
STU_1426,50.95,46.56,9463.66,0,1,TCH_271,1
STU_1427,53.9,50.79,8899.68,0,1,TCH_229,0
STU_1428,60.89,75.8,19568.99,1,0,TCH_112,0
STU_1429,94.44,66.19,9345.34,0,1,TCH_267,0
STU_1430,73.96,56.23,8372.21,0,0,TCH_229,0
STU_1431,61.14,70.53,29108.13,0,2,TCH_183,0
STU_1432,75.62,61.62,3601.69,0,1,TCH_164,1
STU_1433,70.53,57.81,18900.21,0,2,TCH_162,0
STU_1434,62.62,67.92,6289.76,1,0,TCH_200,0
STU_1435,49.05,35.23,2234.29,1,0,TCH_172,1
STU_1436,91.58,83.16,4736.58,0,2,TCH_116,0
STU_1437,73.15,64.34,15996.27,0,0,TCH_108,0
STU_1438,100.0,84.65,20523.04,1,0,TCH_302,0
STU_1439,84.1,74.92,2319.24,0,2,TCH_242,0
STU_1440,78.27,60.68,2556.58,1,1,TCH_251,0
STU_1441,63.47,68.59,36925.02,0,0,TCH_137,0
STU_1442,53.57,46.64,3141.98,0,2,TCH_346,1
STU_1443,66.73,64.13,35690.54,0,0,TCH_262,0
STU_1444,53.14,64.26,5884.78,0,2,TCH_193,0
STU_1445,79.75,81.64,22207.13,1,0,TCH_194,0
STU_1446,94.49,74.02,7560.16,0,1,TCH_148,0
STU_1447,66.09,64.28,31358.57,0,0,TCH_168,0
STU_1448,84.17,66.91,20082.35,0,1,TCH_161,0
STU_1449,59.66,80.83,9707.79,1,0,TCH_287,0
STU_1450,65.46,67.08,3190.56,0,2,TCH_335,1
STU_1451,57.78,55.51,21790.77,1,0,TCH_277,0
STU_1452,38.0,45.93,16391.29,0,0,TCH_177,1
STU_1453,69.45,65.74,2043.74,0,1,TCH_216,1
STU_1454,71.93,67.52,2141.97,0,0,TCH_219,1
STU_1455,85.99,69.19,26815.98,0,0,TCH_302,0
STU_1456,81.93,65.22,6504.41,0,0,TCH_236,0
STU_1457,82.13,67.76,17164.53,0,0,TCH_261,0
STU_1458,55.39,41.84,11082.94,0,0,TCH_175,0
STU_1459,76.89,73.32,31863.77,0,0,TCH_326,0
STU_1460,93.74,68.23,39326.69,0,0,TCH_134,0
STU_1461,75.7,54.82,88205.26,0,1,TCH_100,0
STU_1462,97.43,78.31,4502.94,1,1,TCH_139,0
STU_1463,100.0,78.7,31812.68,0,0,TCH_163,0
STU_1464,65.97,62.08,6639.13,1,2,TCH_249,0
STU_1465,59.55,50.05,15403.85,0,2,TCH_159,0
STU_1466,58.58,51.22,12571.4,0,0,TCH_163,0
STU_1467,47.26,55.28,2272.28,0,0,TCH_192,1
STU_1468,62.22,63.65,42494.82,0,2,TCH_171,0
STU_1469,88.11,78.76,3223.47,0,0,TCH_110,0
STU_1470,36.94,42.5,19481.81,0,0,TCH_204,1
STU_1471,54.44,54.35,25057.24,0,0,TCH_328,0
STU_1472,68.09,63.16,25792.26,0,1,TCH_113,0
STU_1473,56.84,47.54,4183.96,1,0,TCH_159,1
STU_1474,62.09,71.99,10901.43,1,1,TCH_129,0
STU_1475,62.32,70.7,28529.04,0,1,TCH_134,0
STU_1476,66.14,67.62,7407.65,0,1,TCH_312,0
STU_1477,59.06,51.18,11459.59,1,2,TCH_264,0
STU_1478,57.83,60.09,6778.18,1,0,TCH_104,0
STU_1479,84.01,80.19,11341.77,0,1,TCH_182,0
STU_1480,85.74,59.21,34817.16,0,0,TCH_222,0
STU_1481,49.29,66.52,11107.96,1,0,TCH_177,0
STU_1482,28.61,19.77,14175.99,1,0,TCH_253,1
STU_1483,85.95,78.62,9762.12,0,0,TCH_161,0
STU_1484,51.57,65.47,11246.05,0,0,TCH_231,0
STU_1485,73.19,62.78,2229.36,1,0,TCH_188,0
STU_1486,46.51,46.4,7005.8,1,0,TCH_336,0
STU_1487,89.47,80.36,10605.99,1,1,TCH_141,0
STU_1488,100.0,98.52,17068.51,1,0,TCH_188,0
STU_1489,72.74,60.83,10968.97,0,1,TCH_245,0
STU_1490,68.59,53.34,8183.2,1,0,TCH_139,0
STU_1491,65.17,54.86,9367.77,0,0,TCH_171,0
STU_1492,81.73,53.51,6161.88,1,0,TCH_138,0
STU_1493,78.52,76.09,40753.2,0,0,TCH_203,0
STU_1494,85.05,65.89,13064.11,1,1,TCH_113,0
STU_1495,60.58,54.27,2202.5,0,0,TCH_131,1
STU_1496,75.1,74.16,2294.57,0,2,TCH_278,1
STU_1497,61.86,53.35,56157.48,0,2,TCH_224,0
STU_1498,54.13,60.07,5754.85,0,0,TCH_265,0
STU_1499,69.38,51.25,26568.2,1,1,TCH_196,0
STU_1500,56.16,63.28,2900.63,1,0,TCH_122,1
STU_1501,87.61,75.98,40105.54,0,1,TCH_162,0
STU_1502,57.07,53.36,33121.83,0,1,TCH_242,0
STU_1503,75.45,66.58,14697.73,1,0,TCH_324,0
STU_1504,60.95,43.7,2135.59,1,0,TCH_252,1
STU_1505,74.16,65.57,6472.27,1,0,TCH_244,0
STU_1506,62.14,55.87,9833.93,1,0,TCH_324,0
STU_1507,51.14,38.09,11244.57,1,1,TCH_338,0
STU_1508,77.26,59.64,7300.47,0,0,TCH_346,0
STU_1509,66.47,58.59,2502.54,1,0,TCH_293,0
STU_1510,74.29,58.5,15378.63,0,0,TCH_305,0
STU_1511,63.57,34.02,13139.94,1,1,TCH_152,0
STU_1512,50.08,60.81,6990.2,1,0,TCH_203,0
STU_1513,86.25,70.33,2580.74,0,1,TCH_203,0
STU_1514,81.05,45.89,80304.21,0,1,TCH_278,0
STU_1515,61.5,78.25,11866.3,0,1,TCH_138,0
STU_1516,71.05,75.04,23159.07,0,1,TCH_278,0
STU_1517,85.63,67.89,11030.8,0,0,TCH_297,0
STU_1518,63.14,49.46,2661.95,1,0,TCH_233,1
STU_1519,65.47,63.31,7557.28,0,1,TCH_166,0
STU_1520,73.65,66.22,7787.37,0,2,TCH_234,0
STU_1521,63.11,63.29,29335.1,1,1,TCH_278,0
STU_1522,82.86,61.32,17929.72,1,0,TCH_299,0
STU_1523,67.47,71.46,6832.65,0,0,TCH_141,0
STU_1524,58.24,50.21,53508.89,1,2,TCH_291,0
STU_1525,79.13,74.29,7818.99,0,0,TCH_343,0
STU_1526,52.87,43.75,97085.79,0,0,TCH_114,1
STU_1527,100.0,100.0,85448.68,0,0,TCH_210,0
STU_1528,93.74,83.2,5183.25,0,2,TCH_256,0
STU_1529,77.7,95.46,7625.66,0,0,TCH_132,0
STU_1530,76.44,74.14,11984.27,1,0,TCH_343,0
STU_1531,75.74,59.83,18364.16,1,1,TCH_321,0
STU_1532,62.66,65.89,13263.15,0,0,TCH_330,0
STU_1533,74.46,73.68,54321.67,0,2,TCH_254,0
STU_1534,56.15,57.43,21309.73,0,1,TCH_263,0
STU_1535,77.56,72.84,5574.71,1,0,TCH_256,0
STU_1536,83.02,77.43,3665.61,1,2,TCH_137,0
STU_1537,64.33,48.66,19490.59,0,2,TCH_284,0
STU_1538,61.07,46.0,4587.69,0,0,TCH_196,1
STU_1539,51.81,43.15,25244.69,0,0,TCH_328,1
STU_1540,91.87,76.4,7588.51,0,2,TCH_254,0
STU_1541,62.27,55.13,7937.77,0,0,TCH_282,0
STU_1542,67.02,50.46,2162.86,0,2,TCH_132,1
STU_1543,74.5,72.45,20110.24,0,2,TCH_295,0
STU_1544,74.23,67.37,3803.22,0,0,TCH_185,1
STU_1545,81.2,70.41,24234.19,0,2,TCH_165,0
STU_1546,64.31,56.01,12155.21,0,0,TCH_109,0
STU_1547,52.92,47.97,25006.6,1,1,TCH_104,0
STU_1548,50.3,41.76,15153.4,1,0,TCH_222,0
STU_1549,61.31,66.12,3290.45,1,2,TCH_173,0
STU_1550,55.72,46.4,23764.24,1,1,TCH_196,0
STU_1551,65.45,61.36,3085.33,0,1,TCH_217,1
STU_1552,89.61,90.39,11771.49,0,2,TCH_137,0
STU_1553,64.34,55.28,4837.46,1,1,TCH_240,1
STU_1554,64.34,68.21,22935.18,0,0,TCH_258,0
STU_1555,69.75,67.54,38386.76,0,2,TCH_146,0
STU_1556,63.92,61.46,14115.79,0,1,TCH_327,0
STU_1557,68.99,65.7,13234.57,0,2,TCH_208,0
STU_1558,78.11,65.92,23656.51,0,2,TCH_315,0
STU_1559,83.27,70.31,2076.38,0,0,TCH_279,0
STU_1560,85.05,65.55,39471.45,1,0,TCH_283,0
STU_1561,100.0,80.41,5299.39,0,0,TCH_114,0
STU_1562,78.54,61.27,64139.37,1,1,TCH_256,0
STU_1563,100.0,90.06,21991.53,0,0,TCH_235,0
STU_1564,58.35,38.02,24324.98,1,1,TCH_104,0
STU_1565,100.0,84.81,18015.56,0,0,TCH_256,0
STU_1566,64.29,61.94,11570.32,0,0,TCH_146,0
STU_1567,65.77,61.92,14716.44,0,0,TCH_167,0
STU_1568,68.2,71.17,2712.71,0,0,TCH_175,1
STU_1569,66.72,57.17,16670.88,0,1,TCH_272,0
STU_1570,71.29,65.33,16756.43,0,0,TCH_229,0
STU_1571,61.3,39.61,35273.77,0,0,TCH_254,0
STU_1572,82.45,65.32,12567.87,0,0,TCH_194,0
STU_1573,61.71,65.58,3204.24,1,1,TCH_214,0
STU_1574,79.83,54.51,7483.48,1,2,TCH_342,0
STU_1575,92.92,77.35,17990.55,0,0,TCH_263,0
STU_1576,64.64,52.01,6101.93,0,1,TCH_135,0
STU_1577,81.92,68.04,6938.56,1,0,TCH_125,0
STU_1578,78.39,60.86,27761.11,0,0,TCH_142,0
STU_1579,100.0,67.53,15167.58,0,1,TCH_126,0
STU_1580,62.43,61.32,12655.24,0,0,TCH_168,0
STU_1581,81.93,68.66,7750.83,0,1,TCH_247,0
STU_1582,45.61,53.49,21691.65,0,0,TCH_110,1
STU_1583,62.56,65.48,7089.23,0,2,TCH_173,0
STU_1584,75.3,77.43,22037.64,0,0,TCH_203,0
STU_1585,90.9,75.87,3090.2,0,1,TCH_137,0
STU_1586,51.61,63.65,31986.33,1,2,TCH_233,0
STU_1587,81.79,59.32,12384.21,0,0,TCH_299,0
STU_1588,69.05,70.52,10657.37,0,0,TCH_122,0
STU_1589,47.18,52.9,16163.54,0,0,TCH_146,1
STU_1590,72.72,65.97,16680.16,0,1,TCH_189,0
STU_1591,95.64,81.83,4124.06,0,0,TCH_145,0
STU_1592,53.19,42.31,23173.17,0,0,TCH_206,1
STU_1593,68.35,49.04,6842.97,0,1,TCH_239,0
STU_1594,55.2,70.22,37302.16,0,0,TCH_317,0
STU_1595,62.97,56.1,27543.93,0,1,TCH_240,0
STU_1596,91.48,73.06,8375.82,0,0,TCH_203,0
STU_1597,65.93,48.53,26733.54,1,0,TCH_289,0
STU_1598,91.02,59.8,8609.95,0,1,TCH_309,0
STU_1599,86.64,71.1,3596.21,0,1,TCH_316,0
STU_1600,64.56,55.32,51008.49,0,0,TCH_324,0
STU_1601,62.46,57.49,17859.26,0,0,TCH_210,0
STU_1602,56.56,54.81,11134.84,1,0,TCH_203,0
STU_1603,56.04,78.52,9606.82,0,0,TCH_159,0
STU_1604,75.3,61.79,7889.09,0,0,TCH_270,0
STU_1605,69.7,77.62,61807.34,0,0,TCH_303,0
STU_1606,60.65,72.81,4171.0,0,1,TCH_335,1
STU_1607,46.77,55.6,7670.78,0,1,TCH_199,0
STU_1608,71.59,60.6,11968.33,0,0,TCH_339,0
STU_1609,62.96,44.16,11751.3,0,0,TCH_167,0
STU_1610,67.07,65.02,11561.9,1,0,TCH_232,0
STU_1611,74.57,74.93,4899.84,0,1,TCH_219,1
STU_1612,32.47,56.96,4348.62,0,2,TCH_136,1
STU_1613,47.0,38.7,6410.89,1,1,TCH_171,0
STU_1614,100.0,77.56,38893.17,1,1,TCH_226,0
STU_1615,62.4,48.0,3799.55,0,2,TCH_205,1
STU_1616,32.24,33.01,23246.67,0,0,TCH_340,1
STU_1617,48.25,55.59,23254.3,1,0,TCH_191,0
STU_1618,100.0,73.21,26892.85,0,1,TCH_130,0
STU_1619,59.46,47.43,34654.56,0,0,TCH_221,0
STU_1620,87.39,80.4,6578.25,1,1,TCH_236,0
STU_1621,71.82,67.6,5814.86,0,1,TCH_345,0
STU_1622,62.73,61.14,11396.51,0,1,TCH_150,0
STU_1623,81.63,62.45,6620.09,0,0,TCH_128,0
STU_1624,34.23,53.47,21881.38,0,1,TCH_305,1
STU_1625,48.38,49.17,17156.53,1,1,TCH_139,0
STU_1626,62.61,81.37,33190.15,0,2,TCH_140,0
STU_1627,49.86,51.53,3295.44,1,1,TCH_313,1
STU_1628,61.29,33.44,38991.27,0,2,TCH_110,0
STU_1629,82.81,45.9,7208.27,0,0,TCH_250,0
STU_1630,71.98,69.43,12120.6,0,0,TCH_100,0
STU_1631,89.96,86.98,10660.13,1,0,TCH_145,0
STU_1632,72.93,55.92,23426.24,1,0,TCH_200,0
STU_1633,84.89,91.94,10179.53,0,2,TCH_248,0
STU_1634,69.04,78.05,45116.84,0,2,TCH_189,0
STU_1635,61.15,58.79,36923.76,0,0,TCH_209,0
STU_1636,92.21,80.72,32854.77,1,0,TCH_263,0
STU_1637,59.36,64.56,3108.87,0,0,TCH_281,1
STU_1638,75.16,83.99,30888.77,0,2,TCH_314,0
STU_1639,81.53,75.74,24823.84,0,0,TCH_156,0
STU_1640,82.62,71.45,3639.07,0,0,TCH_100,0
STU_1641,52.52,58.23,3704.49,0,0,TCH_162,1
STU_1642,85.78,76.84,3599.82,0,0,TCH_281,0
STU_1643,55.32,62.43,2170.96,1,2,TCH_154,1
STU_1644,82.16,53.6,13932.16,0,0,TCH_214,0
STU_1645,78.03,69.98,56399.44,0,0,TCH_267,0
STU_1646,82.28,73.97,10662.09,0,0,TCH_242,0
STU_1647,51.92,50.43,13672.65,0,0,TCH_248,0
STU_1648,78.82,75.13,53616.14,1,1,TCH_274,0
STU_1649,86.28,90.98,6419.24,0,0,TCH_300,0
STU_1650,72.9,65.12,31328.68,0,0,TCH_152,0
STU_1651,57.72,61.55,13857.78,0,2,TCH_236,0
STU_1652,83.8,86.34,14641.3,0,0,TCH_301,0
STU_1653,71.71,64.64,8305.04,0,1,TCH_279,0
STU_1654,44.88,38.05,14368.82,0,0,TCH_156,1
STU_1655,56.56,60.09,3139.33,0,0,TCH_216,1
STU_1656,62.11,35.25,23699.81,1,1,TCH_253,0
STU_1657,92.59,52.57,7025.54,0,2,TCH_268,0
STU_1658,89.95,77.3,34786.48,0,1,TCH_134,0
STU_1659,89.9,50.49,8879.45,1,0,TCH_162,0
STU_1660,73.49,50.94,4311.68,0,0,TCH_343,1
STU_1661,83.7,66.42,19855.07,0,0,TCH_124,0
STU_1662,52.89,44.52,4697.28,0,1,TCH_189,1
STU_1663,70.1,60.58,23016.89,0,1,TCH_174,0
STU_1664,76.77,77.19,53682.99,0,0,TCH_137,0
STU_1665,53.88,54.71,24681.46,0,1,TCH_229,0
STU_1666,73.15,55.5,2340.58,1,1,TCH_234,0
STU_1667,95.3,90.72,15740.08,0,0,TCH_309,0
STU_1668,78.38,52.74,19831.86,0,1,TCH_318,0
STU_1669,83.76,72.48,28183.88,0,0,TCH_261,0
STU_1670,33.21,24.53,2864.47,0,0,TCH_190,1
STU_1671,93.37,78.54,11812.01,0,2,TCH_116,0
STU_1672,67.21,57.14,13497.74,0,0,TCH_227,0
STU_1673,58.47,65.9,4779.14,0,0,TCH_270,1
STU_1674,67.38,67.64,7839.07,1,1,TCH_286,0
STU_1675,47.72,42.76,10703.22,0,2,TCH_207,1
STU_1676,85.72,63.64,28865.27,1,2,TCH_278,0
STU_1677,64.97,55.83,41762.48,1,1,TCH_281,0
STU_1678,58.92,74.11,16849.98,0,0,TCH_251,0
STU_1679,67.48,76.68,9536.54,1,2,TCH_124,0
STU_1680,86.77,62.38,6396.07,1,1,TCH_298,0
STU_1681,71.97,71.19,62373.83,0,0,TCH_279,0
STU_1682,48.85,32.0,63135.78,1,2,TCH_297,0
STU_1683,76.97,61.71,40849.4,0,0,TCH_344,0
STU_1684,56.07,44.36,25103.52,0,0,TCH_187,0
STU_1685,37.66,53.29,7912.97,1,2,TCH_260,0
STU_1686,92.44,62.56,27474.08,0,1,TCH_276,0
STU_1687,76.86,70.41,9883.84,0,0,TCH_128,0
STU_1688,68.83,61.3,7935.09,0,0,TCH_162,0
STU_1689,64.82,57.14,22489.46,1,1,TCH_334,0
STU_1690,90.96,91.29,3245.08,1,0,TCH_249,0
STU_1691,100.0,97.6,2746.72,0,0,TCH_253,0
STU_1692,76.73,64.6,10911.85,1,1,TCH_255,0
STU_1693,54.56,49.27,10849.08,0,2,TCH_213,0
STU_1694,67.68,45.54,35899.23,0,1,TCH_312,0
STU_1695,76.46,65.83,4022.75,0,1,TCH_148,1
STU_1696,34.76,60.39,3973.58,1,1,TCH_298,1
STU_1697,75.02,63.72,4392.9,0,1,TCH_180,1
STU_1698,76.55,73.22,2452.81,0,0,TCH_183,0
STU_1699,89.9,59.96,3116.52,1,2,TCH_204,0
STU_1700,88.33,68.65,18176.4,1,0,TCH_276,0
STU_1701,71.67,67.63,10473.53,0,0,TCH_247,0
STU_1702,92.72,76.69,23633.64,0,0,TCH_217,0
STU_1703,100.0,88.25,75589.51,1,1,TCH_185,0
STU_1704,70.42,56.22,18139.62,1,0,TCH_319,0
STU_1705,76.27,48.26,2776.59,0,0,TCH_162,1
STU_1706,43.49,57.32,3656.65,1,1,TCH_288,1
STU_1707,48.24,39.58,33929.99,1,2,TCH_203,0
STU_1708,57.43,59.52,13245.63,1,1,TCH_148,0
STU_1709,63.35,62.52,28130.59,1,0,TCH_170,0
STU_1710,53.56,35.5,31133.05,0,0,TCH_100,1
STU_1711,69.46,72.17,41398.69,0,1,TCH_323,0
STU_1712,63.79,52.61,46884.83,0,0,TCH_240,0
STU_1713,86.06,72.19,14139.34,0,1,TCH_321,0
STU_1714,62.88,54.15,8255.94,1,0,TCH_314,0
STU_1715,35.7,57.65,50999.29,1,2,TCH_278,0
STU_1716,71.89,76.57,13891.41,0,0,TCH_222,0
STU_1717,69.79,43.75,2996.15,0,0,TCH_283,1
STU_1718,57.07,76.83,17440.91,0,2,TCH_310,0
STU_1719,71.42,56.07,15289.51,0,0,TCH_161,0
STU_1720,53.87,73.35,35920.62,0,0,TCH_131,0
STU_1721,74.95,62.41,17884.55,0,2,TCH_257,0
STU_1722,100.0,76.59,8439.89,0,0,TCH_128,0
STU_1723,42.92,43.28,52820.84,0,0,TCH_148,1
STU_1724,62.26,53.35,26263.52,0,0,TCH_272,0
STU_1725,59.85,81.16,16930.72,1,0,TCH_320,0
STU_1726,63.5,57.34,7199.28,0,0,TCH_129,0
STU_1727,85.3,68.16,9015.06,0,1,TCH_243,0
STU_1728,78.14,67.66,18628.57,0,1,TCH_267,0
STU_1729,82.73,59.97,3120.54,0,0,TCH_118,1
STU_1730,70.46,78.25,6449.44,1,0,TCH_117,0
STU_1731,50.17,35.39,20771.26,0,2,TCH_100,1
STU_1732,53.28,45.83,11809.43,1,2,TCH_177,0
STU_1733,81.19,78.08,9722.34,0,0,TCH_214,0
STU_1734,72.56,63.96,4463.53,0,2,TCH_274,1
STU_1735,88.9,78.83,10746.89,0,1,TCH_341,0
STU_1736,74.4,79.97,24090.34,1,0,TCH_293,0
STU_1737,52.25,61.39,6598.14,0,0,TCH_345,0
STU_1738,62.17,58.68,2081.2,1,0,TCH_319,1
STU_1739,78.47,87.98,18562.13,0,2,TCH_212,0
STU_1740,80.65,62.11,55972.76,0,1,TCH_213,0
STU_1741,82.83,68.69,16002.57,1,1,TCH_321,0
STU_1742,54.27,52.26,3916.17,1,0,TCH_265,1
STU_1743,51.98,50.17,7801.12,0,1,TCH_278,0
STU_1744,67.15,49.6,32333.63,0,1,TCH_162,0
STU_1745,91.6,59.12,5970.58,0,2,TCH_231,0
STU_1746,59.59,59.93,16035.77,0,0,TCH_228,0
STU_1747,76.82,59.76,9729.31,1,1,TCH_107,0
STU_1748,76.83,85.17,5494.95,0,0,TCH_256,0
STU_1749,81.41,68.12,27182.37,0,1,TCH_154,0
STU_1750,94.97,74.47,22370.34,1,1,TCH_202,0
STU_1751,93.43,87.0,18252.5,1,0,TCH_230,0
STU_1752,61.08,60.67,6044.42,0,1,TCH_131,0
STU_1753,38.53,41.36,3544.73,1,0,TCH_109,1
STU_1754,59.82,49.49,14875.97,0,2,TCH_301,0
STU_1755,71.14,99.26,14100.71,0,0,TCH_310,0
STU_1756,64.58,62.36,5130.94,1,1,TCH_209,0
STU_1757,99.52,90.56,2868.36,0,2,TCH_261,0
STU_1758,70.28,51.94,3262.28,0,0,TCH_223,1
STU_1759,79.81,62.1,75944.79,0,1,TCH_324,0
STU_1760,73.26,85.08,24958.28,1,0,TCH_186,0
STU_1761,64.8,72.85,40263.29,0,0,TCH_154,0
STU_1762,41.13,49.25,5254.71,0,1,TCH_319,1
STU_1763,68.82,57.48,50497.87,0,1,TCH_131,0
STU_1764,100.0,77.66,4308.71,0,2,TCH_277,0
STU_1765,51.33,44.04,12672.17,0,2,TCH_234,1
STU_1766,42.78,34.1,28552.53,1,1,TCH_192,0
STU_1767,99.05,88.67,8457.21,0,1,TCH_107,0
STU_1768,81.13,74.07,10296.31,0,2,TCH_164,0
STU_1769,72.81,71.05,4057.67,0,0,TCH_156,1
STU_1770,90.44,70.9,3967.39,0,0,TCH_346,0
STU_1771,57.53,57.07,16496.73,1,0,TCH_166,0
STU_1772,68.4,56.72,18883.54,0,2,TCH_315,0
STU_1773,84.33,63.32,24531.14,0,1,TCH_314,0
STU_1774,100.0,96.67,14202.02,0,1,TCH_286,0
STU_1775,52.47,52.7,17566.68,0,0,TCH_171,0
STU_1776,89.21,78.6,2204.14,0,2,TCH_153,0
STU_1777,75.73,73.79,4654.11,1,0,TCH_348,0
STU_1778,72.45,64.81,64910.58,0,1,TCH_338,0
STU_1779,69.88,64.34,3185.54,1,0,TCH_328,0
STU_1780,49.23,38.67,19034.82,0,0,TCH_166,1
STU_1781,84.45,61.71,4905.28,0,1,TCH_150,0
STU_1782,58.27,45.48,20919.72,0,2,TCH_196,0
STU_1783,53.8,58.34,20362.14,1,0,TCH_191,0
STU_1784,83.28,70.68,6002.5,0,0,TCH_338,0
STU_1785,81.84,60.14,6713.15,0,0,TCH_107,0
STU_1786,71.19,68.51,17953.2,0,0,TCH_261,0
STU_1787,86.19,77.15,9416.56,1,0,TCH_134,0
STU_1788,91.39,67.88,5245.27,0,1,TCH_195,0
STU_1789,89.62,73.5,21733.6,0,2,TCH_187,0
STU_1790,62.08,62.72,4511.15,1,0,TCH_177,1
STU_1791,85.21,62.54,31032.06,1,1,TCH_131,0
STU_1792,73.17,69.57,12843.88,0,0,TCH_219,0
STU_1793,95.89,80.54,3675.72,0,0,TCH_145,0
STU_1794,68.14,50.89,19766.1,0,0,TCH_334,0
STU_1795,64.65,60.99,12983.41,0,1,TCH_243,0
STU_1796,60.79,60.13,7308.56,1,0,TCH_295,0
STU_1797,72.84,57.44,10236.73,0,0,TCH_343,0
STU_1798,77.0,60.73,7314.55,1,0,TCH_264,0
STU_1799,77.29,56.29,6578.04,0,0,TCH_281,0
STU_1800,75.24,60.65,4679.88,0,0,TCH_312,1
STU_1801,80.07,67.92,8759.3,0,2,TCH_241,0
STU_1802,66.66,54.55,6334.99,1,1,TCH_322,0
STU_1803,56.91,39.3,19253.38,0,2,TCH_154,0
STU_1804,55.6,46.48,19274.35,0,0,TCH_275,0
STU_1805,84.63,66.6,12452.52,0,0,TCH_309,0
STU_1806,77.05,74.4,24572.42,1,0,TCH_106,0
STU_1807,42.16,51.25,29614.85,1,0,TCH_173,0
STU_1808,86.45,80.23,15004.17,0,1,TCH_106,0
STU_1809,98.21,71.53,16471.79,0,0,TCH_260,0
STU_1810,59.26,56.97,6987.8,1,0,TCH_250,0
STU_1811,75.04,40.79,35788.25,1,1,TCH_184,0
STU_1812,62.9,62.03,2367.56,0,0,TCH_246,1
STU_1813,79.42,73.76,8429.53,0,2,TCH_211,0
STU_1814,52.51,47.99,21191.25,0,0,TCH_224,0
STU_1815,68.93,64.31,3252.18,0,1,TCH_246,1
STU_1816,84.72,55.68,5034.86,1,0,TCH_135,0
STU_1817,88.54,65.11,15347.86,0,2,TCH_128,0
STU_1818,76.4,73.49,14314.49,0,0,TCH_287,0
STU_1819,64.91,64.06,22144.4,0,1,TCH_181,0
STU_1820,46.11,43.55,27118.66,1,0,TCH_101,0
STU_1821,58.64,63.3,4064.46,0,1,TCH_228,1
STU_1822,62.96,59.16,2278.28,0,0,TCH_146,1
STU_1823,59.53,50.68,19550.26,0,0,TCH_296,0
STU_1824,70.89,60.71,7379.98,0,2,TCH_247,0
STU_1825,64.87,54.37,16751.85,0,2,TCH_110,0
STU_1826,72.58,51.71,4447.4,1,0,TCH_333,0
STU_1827,88.04,85.39,11496.03,0,2,TCH_229,0
STU_1828,63.9,52.66,12530.54,0,0,TCH_294,0
STU_1829,49.26,41.23,15194.96,0,2,TCH_314,1
STU_1830,59.47,40.39,12797.6,0,1,TCH_218,0
STU_1831,78.75,40.89,12268.48,0,0,TCH_239,0
STU_1832,80.17,75.12,8068.5,0,2,TCH_119,0
STU_1833,76.09,73.59,3107.61,0,2,TCH_104,0
STU_1834,89.51,85.64,3406.75,0,0,TCH_136,0
STU_1835,67.2,58.83,10531.54,1,1,TCH_265,0
STU_1836,100.0,76.78,8596.03,0,0,TCH_321,0
STU_1837,82.27,64.29,12889.23,0,2,TCH_236,0
STU_1838,32.15,35.12,7454.16,0,1,TCH_325,1
STU_1839,97.01,89.4,19466.96,1,0,TCH_152,0
STU_1840,58.5,54.83,31921.52,0,1,TCH_271,0
STU_1841,54.49,56.47,7325.78,1,1,TCH_198,0
STU_1842,77.86,62.29,5216.18,0,1,TCH_343,0
STU_1843,43.93,59.56,3852.54,1,0,TCH_349,1
STU_1844,59.57,36.69,16366.62,0,0,TCH_185,0
STU_1845,93.36,63.81,10800.92,0,1,TCH_207,0
STU_1846,78.34,70.8,5124.11,0,0,TCH_123,0
STU_1847,82.18,86.82,17882.37,0,0,TCH_180,0
STU_1848,60.15,53.84,4411.04,1,1,TCH_301,1
STU_1849,46.92,39.73,14121.66,0,0,TCH_257,1
STU_1850,80.6,78.37,13234.6,1,1,TCH_219,0
STU_1851,83.95,73.61,21876.74,0,1,TCH_158,0
STU_1852,83.27,82.87,2850.3,0,1,TCH_337,0
STU_1853,73.14,50.98,34821.84,0,0,TCH_314,0
STU_1854,55.49,65.41,20209.93,0,0,TCH_227,0
STU_1855,100.0,64.52,5652.6,1,0,TCH_323,0
STU_1856,77.2,63.44,5039.19,0,2,TCH_308,0
STU_1857,67.39,64.56,10475.54,0,0,TCH_213,0
STU_1858,67.46,62.34,27520.45,1,2,TCH_214,0
STU_1859,72.24,73.95,29767.87,0,1,TCH_308,0
STU_1860,86.04,53.36,13023.8,0,2,TCH_113,0
STU_1861,72.84,65.12,31578.82,0,0,TCH_108,0
STU_1862,82.88,81.72,2081.88,0,0,TCH_139,0
STU_1863,72.27,63.96,2537.12,0,2,TCH_293,1
STU_1864,68.31,49.57,38425.9,0,0,TCH_336,0
STU_1865,79.62,77.85,24396.97,0,0,TCH_124,0
STU_1866,79.05,60.95,10986.82,1,0,TCH_202,0
STU_1867,67.46,52.23,23012.6,0,2,TCH_300,0
STU_1868,58.76,45.76,48731.07,1,1,TCH_345,0
STU_1869,75.13,63.09,24182.04,0,1,TCH_121,0
STU_1870,71.18,64.54,29712.7,0,1,TCH_334,0
STU_1871,61.68,44.32,23444.7,0,0,TCH_337,0
STU_1872,57.36,43.78,4762.65,0,1,TCH_103,1
STU_1873,76.16,58.75,28898.08,0,0,TCH_253,0
STU_1874,78.25,57.4,5255.72,1,2,TCH_285,0
STU_1875,64.6,59.13,35469.51,1,0,TCH_128,0
STU_1876,61.3,60.39,11205.34,0,0,TCH_208,0
STU_1877,57.55,56.77,18950.46,0,1,TCH_197,0
STU_1878,75.73,67.69,12314.66,0,0,TCH_314,0
STU_1879,57.94,71.47,3480.59,0,1,TCH_136,1
STU_1880,100.0,84.24,7152.62,0,0,TCH_174,0
STU_1881,63.85,66.15,63778.19,1,0,TCH_169,0
STU_1882,33.62,36.03,50553.59,0,0,TCH_245,1
STU_1883,69.55,71.17,7795.68,1,1,TCH_227,0
STU_1884,68.9,56.72,85978.39,0,0,TCH_184,0
STU_1885,86.68,76.12,30018.39,0,1,TCH_141,0
STU_1886,74.32,50.88,16161.08,0,0,TCH_199,0
STU_1887,57.49,56.16,2614.28,0,0,TCH_140,1
STU_1888,65.7,49.67,36757.39,0,0,TCH_265,0
STU_1889,74.91,74.31,14227.33,0,2,TCH_133,0
STU_1890,37.53,51.28,32428.51,1,1,TCH_116,0
STU_1891,90.08,69.38,28975.34,1,0,TCH_264,0
STU_1892,57.53,75.02,28846.98,0,1,TCH_252,0
STU_1893,91.26,71.89,19968.56,1,2,TCH_329,0
STU_1894,75.89,49.41,7167.28,0,0,TCH_221,0
STU_1895,79.44,59.88,8145.72,1,2,TCH_175,0
STU_1896,87.24,61.9,7532.71,0,0,TCH_186,0
STU_1897,78.6,70.95,2303.74,0,2,TCH_216,0
STU_1898,80.09,55.7,15104.54,0,1,TCH_205,0
STU_1899,67.53,55.13,20001.39,0,0,TCH_185,0
STU_1900,75.58,68.5,30848.47,0,0,TCH_312,0
STU_1901,61.19,58.1,4265.23,0,2,TCH_126,1
STU_1902,64.85,58.78,13784.96,0,1,TCH_156,0
STU_1903,99.47,80.94,2120.61,0,1,TCH_130,0
STU_1904,57.88,51.02,3498.86,0,0,TCH_233,1
STU_1905,72.31,47.35,2836.05,0,0,TCH_318,1
STU_1906,71.7,59.05,21390.86,0,0,TCH_267,0
STU_1907,65.34,63.89,3268.01,0,0,TCH_197,1
STU_1908,77.72,65.26,20905.66,1,1,TCH_111,0
STU_1909,78.85,71.22,6307.73,0,2,TCH_336,0
STU_1910,56.11,47.8,33520.76,0,1,TCH_348,0
STU_1911,71.52,72.86,27161.74,0,0,TCH_152,0
STU_1912,53.76,26.7,49490.77,0,1,TCH_298,1
STU_1913,81.83,70.51,34281.73,0,2,TCH_237,0
STU_1914,72.65,77.08,42619.87,0,1,TCH_272,0
STU_1915,71.23,77.72,31357.55,0,1,TCH_244,0
STU_1916,79.89,65.61,19732.28,1,2,TCH_253,0
STU_1917,65.87,46.26,4799.63,0,1,TCH_312,1
STU_1918,83.71,83.89,6755.79,1,0,TCH_319,0
STU_1919,55.77,52.95,5587.7,0,0,TCH_289,0
STU_1920,91.18,73.12,15879.43,0,2,TCH_221,0
STU_1921,61.74,48.11,12506.2,0,0,TCH_145,0
STU_1922,44.56,34.24,32270.12,0,0,TCH_163,1
STU_1923,65.07,64.68,47760.07,0,0,TCH_229,0
STU_1924,63.37,64.72,9784.38,0,1,TCH_153,0
STU_1925,64.96,60.99,12588.94,0,2,TCH_206,0
STU_1926,73.47,56.44,55376.38,1,0,TCH_292,0
STU_1927,86.47,61.23,6849.41,1,1,TCH_150,0
STU_1928,67.12,45.95,25581.47,0,2,TCH_280,0
STU_1929,59.63,50.17,5828.03,1,0,TCH_135,0
STU_1930,53.1,41.8,19160.11,0,0,TCH_214,1
STU_1931,62.98,40.69,6387.72,0,2,TCH_125,0
STU_1932,41.68,51.52,34278.04,0,0,TCH_128,1
STU_1933,59.12,42.28,14365.18,0,1,TCH_248,0
STU_1934,88.66,83.04,5085.7,0,1,TCH_110,0
STU_1935,57.65,58.53,5811.18,1,0,TCH_139,0
STU_1936,79.43,70.6,12213.81,0,2,TCH_110,0
STU_1937,51.6,67.61,50896.26,0,0,TCH_263,0
STU_1938,96.57,65.08,24021.82,1,0,TCH_212,0
STU_1939,97.56,87.28,12050.53,0,0,TCH_286,0
STU_1940,78.87,64.34,8180.98,0,0,TCH_138,0
STU_1941,99.87,100.0,13953.25,0,2,TCH_331,0
STU_1942,75.34,61.39,22696.39,0,1,TCH_326,0
STU_1943,81.53,63.49,24982.19,0,2,TCH_153,0
STU_1944,88.93,77.61,7886.95,0,0,TCH_197,0
STU_1945,72.7,61.53,21156.72,0,1,TCH_154,0
STU_1946,46.71,40.44,18084.91,1,1,TCH_210,0
STU_1947,81.83,59.4,49953.89,1,2,TCH_251,0
STU_1948,62.92,72.34,42124.37,0,1,TCH_345,0
STU_1949,64.04,46.79,25365.45,0,0,TCH_249,0
STU_1950,74.47,66.91,21277.45,0,0,TCH_168,0
STU_1951,78.49,77.66,6803.94,1,0,TCH_155,0
STU_1952,72.25,74.4,30058.66,0,1,TCH_132,0
STU_1953,79.54,61.71,10366.29,0,2,TCH_349,0
STU_1954,59.4,53.58,6766.77,1,0,TCH_135,0
STU_1955,69.36,57.61,9271.54,1,0,TCH_338,0
STU_1956,82.74,54.29,29112.43,0,0,TCH_247,0
STU_1957,96.59,83.33,4413.68,0,1,TCH_310,0
STU_1958,100.0,80.39,11136.47,0,0,TCH_326,0
STU_1959,76.49,80.3,12169.67,0,0,TCH_343,0
STU_1960,82.6,61.33,2559.76,0,0,TCH_334,1
STU_1961,99.72,90.72,5267.6,0,1,TCH_180,0
STU_1962,59.94,67.55,28294.64,0,1,TCH_289,0
STU_1963,79.45,68.14,28647.22,0,1,TCH_208,0
STU_1964,81.53,47.21,7188.46,0,0,TCH_334,0
STU_1965,91.72,69.91,33179.3,0,0,TCH_325,0
STU_1966,52.94,69.62,24161.87,0,0,TCH_300,0
STU_1967,55.91,56.52,10116.89,1,0,TCH_253,0
STU_1968,70.32,69.13,22699.1,0,0,TCH_293,0
STU_1969,75.67,64.51,50792.16,0,0,TCH_344,0
STU_1970,86.84,69.87,11214.2,0,1,TCH_172,0
STU_1971,77.76,47.98,6085.54,0,0,TCH_300,0
STU_1972,67.73,68.58,44662.3,0,0,TCH_139,0
STU_1973,76.25,76.54,15885.43,1,2,TCH_116,0
STU_1974,74.52,55.2,3668.42,0,1,TCH_228,1
STU_1975,96.18,75.92,14753.43,1,1,TCH_316,0
STU_1976,72.48,60.35,12414.64,0,2,TCH_160,0
STU_1977,64.25,62.75,31026.37,0,0,TCH_270,0
STU_1978,76.74,60.6,13347.54,1,1,TCH_203,0
STU_1979,72.98,73.1,6420.25,0,1,TCH_141,0
STU_1980,46.44,48.57,18888.71,0,0,TCH_124,1
STU_1981,69.77,36.36,13732.15,0,0,TCH_138,0
STU_1982,68.49,65.52,5979.9,0,0,TCH_134,0
STU_1983,61.84,67.07,14786.64,1,0,TCH_230,0
STU_1984,85.53,59.8,27850.49,1,0,TCH_341,0
STU_1985,58.21,59.02,2434.81,1,0,TCH_328,1
STU_1986,76.83,84.4,16948.33,0,0,TCH_207,0
STU_1987,67.78,61.79,8452.17,0,0,TCH_271,0
STU_1988,71.62,74.39,7193.9,0,0,TCH_278,0
STU_1989,76.18,61.28,9478.21,1,0,TCH_321,0
STU_1990,50.39,50.05,8278.77,0,0,TCH_201,0
STU_1991,72.87,61.68,28778.23,0,1,TCH_197,0
STU_1992,100.0,76.13,6819.57,1,0,TCH_111,0
STU_1993,46.65,46.51,21816.2,0,2,TCH_118,1
STU_1994,69.14,45.17,3481.73,0,2,TCH_200,1
STU_1995,86.85,68.8,47360.86,1,1,TCH_143,0
STU_1996,74.52,78.09,16605.49,0,1,TCH_286,0
STU_1997,80.32,58.55,20399.34,0,0,TCH_148,0
STU_1998,34.37,29.96,7308.17,0,0,TCH_288,1
STU_1999,78.97,68.0,9967.89,0,2,TCH_116,0
STU_2000,58.57,56.26,5799.76,1,0,TCH_173,0
STU_2001,74.65,68.56,42442.44,0,2,TCH_156,0
STU_2002,69.56,60.6,12044.52,0,1,TCH_154,0
STU_2003,100.0,80.72,16931.96,0,0,TCH_340,0
STU_2004,78.2,63.41,21879.23,1,0,TCH_146,0
STU_2005,68.31,48.23,8956.89,0,1,TCH_111,0
STU_2006,47.35,47.7,21099.93,0,0,TCH_161,1
STU_2007,71.82,70.34,18904.83,0,0,TCH_179,0
STU_2008,82.35,74.56,20345.26,0,1,TCH_315,0
STU_2009,68.79,43.83,12077.54,0,1,TCH_182,0
STU_2010,62.42,59.97,9241.77,0,0,TCH_107,0
STU_2011,61.41,47.92,5767.02,0,0,TCH_322,0
STU_2012,78.03,80.74,28112.55,0,2,TCH_248,0
STU_2013,81.39,72.1,16060.8,1,1,TCH_180,0
STU_2014,90.42,83.21,10814.31,0,1,TCH_314,0
STU_2015,55.08,53.26,45234.96,0,2,TCH_328,0
STU_2016,77.89,66.07,2735.31,0,0,TCH_217,1
STU_2017,68.17,75.86,30474.0,1,0,TCH_307,0
STU_2018,68.62,70.9,92375.9,1,2,TCH_297,0
STU_2019,76.03,66.8,34697.83,0,1,TCH_299,0
STU_2020,76.11,63.67,26945.48,1,0,TCH_124,0
STU_2021,77.93,49.69,9033.41,0,0,TCH_309,0
STU_2022,54.14,55.73,5946.09,0,1,TCH_188,0
STU_2023,58.75,53.99,21911.92,0,0,TCH_111,0
STU_2024,92.29,80.91,7448.49,1,2,TCH_242,0
STU_2025,66.69,68.59,4904.49,0,0,TCH_158,1
STU_2026,74.59,77.08,25163.6,1,0,TCH_253,0
STU_2027,85.82,74.86,7621.35,0,0,TCH_332,0
STU_2028,76.95,55.71,38878.36,0,1,TCH_208,0
STU_2029,78.2,45.43,29548.15,0,2,TCH_125,0
STU_2030,83.42,61.8,30222.67,1,1,TCH_146,0
STU_2031,38.25,56.28,24147.86,0,2,TCH_131,1
STU_2032,62.65,75.83,33914.54,0,0,TCH_109,0
STU_2033,77.03,63.84,26578.9,0,0,TCH_115,0
STU_2034,90.81,59.88,15838.83,1,2,TCH_298,0
STU_2035,70.99,56.11,7260.88,0,2,TCH_244,0
STU_2036,57.33,65.78,34866.89,0,2,TCH_250,0
STU_2037,57.73,48.73,29545.42,0,1,TCH_125,0
STU_2038,83.26,75.85,11604.89,1,0,TCH_312,0
STU_2039,66.73,61.73,2597.94,1,0,TCH_185,0
STU_2040,69.89,69.04,17264.21,1,2,TCH_349,0
STU_2041,79.23,85.72,2778.83,0,0,TCH_234,0
STU_2042,26.48,41.78,41112.21,0,0,TCH_113,1
STU_2043,100.0,81.47,50907.68,1,1,TCH_178,0
STU_2044,59.03,74.7,5151.38,0,0,TCH_216,0
STU_2045,73.63,67.67,18923.21,0,2,TCH_106,0
STU_2046,44.43,38.73,3452.11,0,0,TCH_236,1
STU_2047,63.66,65.07,21613.19,1,1,TCH_214,0
STU_2048,88.67,77.68,8399.28,0,1,TCH_275,0
STU_2049,41.26,41.68,19140.82,0,1,TCH_171,1
STU_2050,86.89,66.96,8999.18,1,0,TCH_341,0
STU_2051,65.89,56.55,4359.77,0,0,TCH_158,1
STU_2052,77.31,61.07,9815.92,0,0,TCH_314,0
STU_2053,79.86,65.26,3793.13,1,0,TCH_320,0
STU_2054,76.62,57.54,14901.61,1,1,TCH_181,0
STU_2055,57.03,58.08,2627.2,1,0,TCH_322,1
STU_2056,64.53,61.83,13240.04,0,0,TCH_321,0
STU_2057,48.08,52.3,34621.94,0,0,TCH_215,1
STU_2058,77.38,65.8,29290.65,1,1,TCH_266,0
STU_2059,95.53,75.54,34155.76,0,0,TCH_326,0
STU_2060,42.63,60.0,40275.08,1,2,TCH_245,0
STU_2061,58.58,55.82,3656.06,1,1,TCH_286,1
STU_2062,67.27,73.0,4067.35,0,1,TCH_333,1
STU_2063,72.6,53.6,14213.01,1,2,TCH_202,0
STU_2064,83.19,75.8,35660.88,1,0,TCH_116,0
STU_2065,67.72,53.28,56947.86,0,2,TCH_113,0
STU_2066,65.26,53.59,2710.49,0,1,TCH_258,1
STU_2067,86.55,67.81,8595.59,0,2,TCH_251,0
STU_2068,79.93,63.21,5590.89,0,2,TCH_326,0
STU_2069,78.08,62.15,23156.71,0,0,TCH_207,0
STU_2070,71.69,75.19,17332.85,0,0,TCH_287,0
STU_2071,84.75,71.3,3915.59,1,1,TCH_144,0
STU_2072,60.16,58.34,11910.84,1,1,TCH_197,0
STU_2073,58.11,50.29,19348.73,0,0,TCH_230,0
STU_2074,81.19,77.28,24644.25,0,0,TCH_136,0
STU_2075,45.62,50.93,2303.85,0,0,TCH_270,1
STU_2076,71.38,59.74,35173.29,1,1,TCH_267,0
STU_2077,65.25,43.31,14634.5,0,2,TCH_317,0
STU_2078,48.91,51.51,27062.45,0,1,TCH_282,1
STU_2079,56.03,59.38,26749.06,1,0,TCH_314,0
STU_2080,68.37,51.23,5158.09,0,0,TCH_207,0
STU_2081,85.51,68.35,3750.91,1,0,TCH_138,0
STU_2082,60.21,61.49,21163.6,1,0,TCH_114,0
STU_2083,88.2,57.21,4551.63,1,2,TCH_219,0
STU_2084,70.95,56.08,30450.55,0,0,TCH_340,0
STU_2085,89.66,77.56,21429.78,0,1,TCH_103,0
STU_2086,60.93,67.61,29660.83,1,2,TCH_192,0
STU_2087,69.27,83.42,7328.98,0,2,TCH_313,0
STU_2088,75.53,84.9,7710.08,0,0,TCH_252,0
STU_2089,67.31,61.82,18685.57,0,0,TCH_240,0
STU_2090,84.3,65.73,2479.26,0,0,TCH_309,0
STU_2091,36.89,51.36,21446.63,0,1,TCH_260,1
STU_2092,100.0,74.56,29098.5,0,2,TCH_115,0
STU_2093,82.87,62.1,10046.35,0,0,TCH_336,0
STU_2094,67.4,57.39,23714.81,0,0,TCH_269,0
STU_2095,61.72,52.72,4878.51,0,2,TCH_207,1
STU_2096,57.0,58.33,7834.88,0,1,TCH_225,0
STU_2097,79.68,61.79,56921.86,0,2,TCH_293,0
STU_2098,84.92,71.81,66386.27,0,0,TCH_154,0
STU_2099,67.56,76.49,12780.21,0,0,TCH_326,0
STU_2100,86.6,73.18,42832.95,0,0,TCH_269,0
STU_2101,56.39,69.0,13095.11,0,0,TCH_133,0
STU_2102,53.74,64.27,7170.94,0,1,TCH_257,0
STU_2103,97.2,84.24,6657.08,0,0,TCH_346,0
STU_2104,78.87,63.78,41783.35,0,0,TCH_112,0
STU_2105,90.95,84.98,4839.22,1,2,TCH_240,0
STU_2106,57.19,51.81,14999.39,0,0,TCH_117,0
STU_2107,56.15,53.67,14162.92,1,1,TCH_259,0
STU_2108,64.62,62.07,22184.29,0,0,TCH_195,0
STU_2109,57.64,54.53,12374.51,1,2,TCH_326,0
STU_2110,80.58,61.15,6767.7,0,0,TCH_222,0
STU_2111,58.73,39.97,4784.04,0,1,TCH_138,1
STU_2112,52.42,61.05,16546.12,0,0,TCH_145,0
STU_2113,72.13,68.98,21040.52,0,0,TCH_343,0
STU_2114,50.65,33.18,14642.86,0,1,TCH_128,1
STU_2115,43.01,38.34,22111.29,0,0,TCH_289,1
STU_2116,72.0,64.99,4288.9,0,0,TCH_340,1
STU_2117,43.76,50.68,34115.95,0,2,TCH_320,1
STU_2118,81.63,53.79,15098.31,1,2,TCH_161,0
STU_2119,49.07,48.55,4034.61,0,0,TCH_344,1
STU_2120,36.39,47.23,11296.37,1,0,TCH_335,0
STU_2121,65.59,55.84,29944.81,0,0,TCH_284,0
STU_2122,72.17,65.86,36177.49,0,0,TCH_115,0
STU_2123,77.37,61.55,6611.12,0,2,TCH_283,0
STU_2124,72.58,72.64,20633.73,0,1,TCH_335,0
STU_2125,54.11,44.47,3580.16,0,0,TCH_338,1
STU_2126,80.7,57.0,2511.82,0,2,TCH_220,1
STU_2127,84.4,70.93,14328.32,0,1,TCH_109,0
STU_2128,51.91,36.81,19803.18,1,1,TCH_257,0
STU_2129,67.28,39.32,25828.86,0,0,TCH_252,0
STU_2130,65.88,70.37,8237.65,1,0,TCH_202,0
STU_2131,73.31,54.14,2098.2,1,1,TCH_183,0
STU_2132,66.93,46.82,11795.04,1,0,TCH_232,0
STU_2133,68.98,53.27,2239.71,0,0,TCH_164,1
STU_2134,79.63,59.21,3447.41,0,0,TCH_321,1
STU_2135,53.29,50.55,7933.22,0,0,TCH_276,0
STU_2136,81.06,57.7,10621.72,0,1,TCH_102,0
STU_2137,87.12,77.25,6916.51,0,1,TCH_272,0
STU_2138,94.51,83.17,15079.27,0,0,TCH_241,0
STU_2139,37.85,29.96,2854.11,0,0,TCH_219,1
STU_2140,67.26,54.17,4342.44,0,1,TCH_257,1
STU_2141,40.52,39.08,19824.37,1,0,TCH_341,0
STU_2142,33.47,38.43,4299.73,0,1,TCH_167,1
STU_2143,72.16,74.12,17315.41,0,1,TCH_245,0
STU_2144,64.01,69.81,2843.55,1,0,TCH_289,0
STU_2145,74.5,89.69,9848.09,0,1,TCH_136,0
STU_2146,77.29,43.68,4929.45,0,1,TCH_252,1
STU_2147,88.72,63.99,3741.88,1,0,TCH_275,0
STU_2148,70.81,80.63,14556.4,0,0,TCH_292,0
STU_2149,100.0,61.99,41536.45,0,2,TCH_280,0
STU_2150,74.6,82.67,2845.18,0,0,TCH_337,0
STU_2151,97.64,80.06,10211.16,0,2,TCH_306,0
STU_2152,35.01,42.85,20441.18,0,1,TCH_172,1
STU_2153,90.25,61.35,11317.64,0,0,TCH_242,0
STU_2154,67.29,55.86,26636.85,0,0,TCH_148,0
STU_2155,40.77,61.94,4970.28,0,0,TCH_220,1
STU_2156,76.31,65.31,50131.73,1,0,TCH_187,0
STU_2157,65.46,54.83,9295.96,0,1,TCH_295,0
STU_2158,78.7,71.28,8268.45,1,2,TCH_239,0
STU_2159,85.17,69.18,33144.39,0,2,TCH_286,0
STU_2160,47.66,52.05,14447.12,1,0,TCH_349,0
STU_2161,85.22,62.64,12898.83,0,2,TCH_136,0
STU_2162,70.1,61.29,21473.04,0,2,TCH_160,0
STU_2163,90.29,67.76,15006.59,0,2,TCH_328,0
STU_2164,66.92,42.11,4660.29,1,0,TCH_270,1
STU_2165,62.94,62.59,18821.96,0,1,TCH_223,0
STU_2166,70.41,49.91,4148.86,0,1,TCH_297,1
STU_2167,71.53,61.27,26587.46,0,0,TCH_138,0
STU_2168,60.06,65.3,70687.56,1,2,TCH_283,0
STU_2169,62.56,42.56,9107.47,0,0,TCH_162,0
STU_2170,51.6,57.0,10825.21,0,0,TCH_145,0
STU_2171,63.48,55.09,2713.19,0,2,TCH_187,1
STU_2172,80.14,58.42,2207.43,0,0,TCH_110,1
STU_2173,67.94,80.99,40154.44,1,2,TCH_161,0
STU_2174,85.14,71.08,4065.23,1,1,TCH_176,0
STU_2175,67.22,54.65,10852.87,0,0,TCH_325,0
STU_2176,48.53,41.31,27339.77,0,0,TCH_252,1
STU_2177,78.96,76.19,35016.51,1,1,TCH_298,0
STU_2178,59.9,49.82,12990.73,0,1,TCH_151,0
STU_2179,66.5,67.46,14487.26,1,2,TCH_103,0
STU_2180,88.56,73.11,18615.58,0,2,TCH_158,0
STU_2181,52.59,62.71,50810.73,0,0,TCH_171,0
STU_2182,72.47,53.06,15844.82,0,0,TCH_247,0
STU_2183,69.39,52.6,14296.83,0,2,TCH_192,0
STU_2184,80.51,65.5,2219.61,1,1,TCH_162,0
STU_2185,82.83,67.72,3266.22,0,0,TCH_153,0
STU_2186,73.96,60.83,14911.83,1,2,TCH_216,0
STU_2187,64.59,85.07,43289.53,0,2,TCH_342,0
STU_2188,77.1,86.89,32226.32,1,1,TCH_336,0
STU_2189,90.03,77.01,62751.12,0,0,TCH_209,0
STU_2190,69.59,65.92,13256.37,1,1,TCH_173,0
STU_2191,65.99,57.23,25262.65,0,1,TCH_206,0
STU_2192,75.82,55.0,29526.3,1,2,TCH_325,0
STU_2193,70.58,60.53,17663.21,0,2,TCH_156,0
STU_2194,49.93,57.67,8204.35,0,1,TCH_317,0
STU_2195,73.59,77.21,11522.56,1,1,TCH_268,0
STU_2196,49.8,59.84,31270.17,0,2,TCH_340,0
STU_2197,75.62,50.27,7319.04,0,0,TCH_349,0
STU_2198,58.04,51.93,40604.72,0,0,TCH_102,0
STU_2199,70.55,47.64,5916.7,0,2,TCH_219,0
STU_2200,75.86,77.2,22765.43,0,0,TCH_105,0
STU_2201,100.0,75.88,16936.47,0,0,TCH_104,0
STU_2202,81.14,68.21,22770.4,0,0,TCH_104,0
STU_2203,90.47,79.08,10626.4,0,0,TCH_153,0
STU_2204,98.08,100.0,42465.8,0,0,TCH_146,0
STU_2205,77.34,69.09,17014.34,1,0,TCH_314,0
STU_2206,74.29,62.19,7101.39,0,2,TCH_276,0
STU_2207,54.0,39.99,17260.53,0,1,TCH_108,1
STU_2208,68.25,75.54,7070.23,0,1,TCH_198,0
STU_2209,59.15,53.68,7214.29,0,0,TCH_119,0
STU_2210,63.98,74.96,9652.35,0,1,TCH_221,0
STU_2211,98.06,89.89,30701.83,0,1,TCH_340,0
STU_2212,71.72,58.4,12406.15,0,1,TCH_160,0
STU_2213,56.86,40.19,19040.08,0,0,TCH_222,0
STU_2214,90.62,77.1,9462.91,0,0,TCH_333,0
STU_2215,84.33,64.45,6589.84,1,2,TCH_262,0
STU_2216,85.11,71.46,48396.92,0,1,TCH_277,0
STU_2217,39.91,54.44,15879.26,0,1,TCH_181,1
STU_2218,99.23,63.0,42760.45,0,1,TCH_161,0
STU_2219,61.62,59.62,5411.28,1,0,TCH_244,0
STU_2220,81.67,76.6,4383.07,1,1,TCH_315,0
STU_2221,100.0,88.08,31050.69,1,0,TCH_102,0
STU_2222,100.0,66.36,19134.57,0,1,TCH_259,0
STU_2223,55.34,57.4,5097.59,0,2,TCH_326,0
STU_2224,48.33,61.03,6707.51,0,1,TCH_329,0
STU_2225,91.46,78.31,26191.45,1,0,TCH_112,0
STU_2226,72.13,62.12,11073.44,1,0,TCH_219,0
STU_2227,62.49,68.89,18654.53,0,1,TCH_224,0
STU_2228,79.32,60.65,7748.63,0,2,TCH_338,0
STU_2229,67.56,45.24,9200.32,0,1,TCH_188,0
STU_2230,80.52,66.31,72186.38,0,1,TCH_172,0
STU_2231,71.0,67.95,6267.65,0,0,TCH_167,0
STU_2232,80.84,78.89,12592.16,0,1,TCH_241,0
STU_2233,56.58,59.25,29907.23,0,1,TCH_200,0
STU_2234,91.37,83.18,6101.23,0,2,TCH_197,0
STU_2235,80.46,78.73,10047.63,0,0,TCH_110,0
STU_2236,79.69,64.42,16321.24,0,1,TCH_204,0
STU_2237,53.23,50.46,11843.21,0,0,TCH_283,0
STU_2238,95.49,90.17,11228.97,0,1,TCH_166,0
STU_2239,69.79,49.77,8753.24,1,2,TCH_222,0
STU_2240,80.92,72.84,15251.78,1,0,TCH_319,0
STU_2241,65.16,51.93,16687.37,0,0,TCH_128,0
STU_2242,73.91,75.35,17888.98,0,1,TCH_236,0
STU_2243,74.46,64.49,3094.5,0,1,TCH_294,1
STU_2244,27.7,36.7,16955.77,0,0,TCH_252,1
STU_2245,78.74,84.53,47940.0,1,0,TCH_325,0
STU_2246,99.48,68.93,13680.13,1,1,TCH_175,0
STU_2247,78.1,69.02,20843.06,0,2,TCH_269,0
STU_2248,55.63,51.58,14203.72,1,0,TCH_108,0
STU_2249,79.75,73.17,30938.51,1,2,TCH_306,0
STU_2250,85.89,90.83,41799.83,1,0,TCH_139,0
STU_2251,77.69,60.56,5054.16,0,0,TCH_124,0
STU_2252,68.89,49.36,10613.41,0,0,TCH_104,0
STU_2253,66.37,51.73,9473.14,0,2,TCH_238,0
STU_2254,66.31,57.46,9793.33,0,0,TCH_286,0
STU_2255,80.47,68.92,4011.96,0,1,TCH_325,0
STU_2256,48.89,50.48,27199.17,1,0,TCH_315,0
STU_2257,64.42,76.68,2546.32,0,2,TCH_223,1
STU_2258,93.93,92.61,13268.85,1,2,TCH_306,0
STU_2259,94.51,89.74,18265.24,0,1,TCH_137,0
STU_2260,47.83,73.84,5487.86,0,2,TCH_171,0
STU_2261,53.03,60.06,37443.02,1,1,TCH_232,0
STU_2262,65.94,70.65,29353.32,0,2,TCH_275,0
STU_2263,83.39,78.08,11553.88,0,0,TCH_189,0
STU_2264,42.59,51.96,9943.73,1,0,TCH_245,0
STU_2265,69.18,65.45,6048.97,1,1,TCH_297,0
STU_2266,62.89,53.76,21639.62,0,0,TCH_136,0
STU_2267,89.89,61.47,4119.03,1,0,TCH_159,0
STU_2268,44.85,45.6,19102.66,0,1,TCH_275,1
STU_2269,71.39,68.49,29720.85,1,0,TCH_304,0
STU_2270,64.1,59.18,5890.73,1,1,TCH_127,0
STU_2271,92.05,64.57,32196.65,0,0,TCH_296,0
STU_2272,78.96,65.72,2508.37,0,2,TCH_304,1
STU_2273,61.21,54.55,38591.09,0,2,TCH_180,0
STU_2274,82.8,69.06,3889.61,0,2,TCH_213,0
STU_2275,64.17,63.41,17566.67,1,0,TCH_139,0
STU_2276,84.99,78.06,6316.88,0,1,TCH_144,0
STU_2277,66.44,54.87,29168.94,1,2,TCH_323,0
STU_2278,85.82,81.3,12770.83,1,2,TCH_161,0
STU_2279,76.54,77.24,4179.57,1,1,TCH_192,0
STU_2280,100.0,83.2,14694.18,1,0,TCH_214,0
STU_2281,69.21,68.17,9860.76,0,1,TCH_285,0
STU_2282,75.74,75.29,18246.16,0,1,TCH_166,0
STU_2283,62.81,46.71,34043.77,0,0,TCH_155,0
STU_2284,70.04,72.57,9898.97,0,1,TCH_139,0
STU_2285,29.47,29.78,7134.83,0,2,TCH_197,1
STU_2286,76.98,59.26,2219.32,0,1,TCH_139,1
STU_2287,90.14,76.05,14829.31,0,0,TCH_190,0
STU_2288,75.95,44.13,9719.36,1,1,TCH_304,0
STU_2289,50.29,51.93,9041.64,1,2,TCH_336,0
STU_2290,57.97,64.6,5030.56,0,1,TCH_132,0
STU_2291,33.55,23.67,10433.24,0,1,TCH_105,1
STU_2292,84.68,81.7,64447.66,0,1,TCH_315,0
STU_2293,54.9,45.95,7302.08,0,1,TCH_246,0
STU_2294,69.57,63.81,15733.28,1,1,TCH_179,0
STU_2295,67.69,55.08,24474.28,0,0,TCH_267,0
STU_2296,92.32,81.12,22743.97,1,0,TCH_191,0
STU_2297,71.28,73.02,7979.75,0,0,TCH_196,0
STU_2298,82.13,75.75,16157.24,0,0,TCH_158,0
STU_2299,78.2,66.88,32749.95,0,0,TCH_158,0
STU_2300,90.39,69.48,2233.52,0,0,TCH_147,0
STU_2301,66.41,59.15,10583.45,0,2,TCH_268,0
STU_2302,98.04,85.39,5809.33,1,0,TCH_112,0
STU_2303,40.22,51.03,9380.85,1,0,TCH_206,0
STU_2304,82.86,75.23,10067.55,0,0,TCH_144,0
STU_2305,57.0,41.37,22595.99,1,1,TCH_188,0
STU_2306,62.61,57.34,3477.79,0,0,TCH_280,1
STU_2307,78.54,60.79,12779.56,1,0,TCH_269,0
STU_2308,78.42,73.7,14458.4,0,0,TCH_199,0
STU_2309,79.1,59.81,12222.95,1,2,TCH_290,0
STU_2310,49.21,54.05,21744.43,0,2,TCH_254,0
STU_2311,91.74,72.22,9262.54,0,2,TCH_265,0
STU_2312,56.49,35.1,45497.35,0,0,TCH_287,1
STU_2313,58.49,64.4,11861.01,0,1,TCH_106,0
STU_2314,79.57,67.49,14701.96,0,1,TCH_232,0
STU_2315,65.7,72.18,28190.11,0,0,TCH_334,0
STU_2316,74.62,48.12,6828.64,1,0,TCH_144,0
STU_2317,37.65,39.68,3172.7,1,0,TCH_157,1
STU_2318,74.26,62.39,20453.93,1,1,TCH_348,0
STU_2319,73.27,66.66,11896.03,1,0,TCH_342,0
STU_2320,62.35,44.16,36023.37,1,0,TCH_130,0
STU_2321,38.89,48.77,62838.44,0,0,TCH_122,1
STU_2322,66.81,79.2,9640.13,0,1,TCH_269,0
STU_2323,69.44,66.41,10053.41,1,2,TCH_237,0
STU_2324,64.49,59.62,9862.78,1,1,TCH_259,0
STU_2325,42.46,31.7,7885.73,0,1,TCH_206,1
STU_2326,93.92,68.61,24827.39,0,1,TCH_280,0
STU_2327,60.42,55.69,23344.11,0,0,TCH_257,0
STU_2328,66.67,54.7,11769.86,1,0,TCH_138,0
STU_2329,33.86,50.58,2685.34,0,2,TCH_258,1
STU_2330,93.92,81.69,7556.38,1,2,TCH_181,0
STU_2331,63.0,84.72,7186.09,1,1,TCH_199,0
STU_2332,71.48,53.08,26997.05,0,0,TCH_101,0
STU_2333,86.81,72.42,3374.75,0,0,TCH_305,0
STU_2334,59.86,42.08,26573.38,0,0,TCH_176,0
STU_2335,84.45,48.44,18592.88,0,2,TCH_320,0
STU_2336,39.08,50.68,21776.25,0,1,TCH_111,1
STU_2337,78.26,71.93,10490.14,1,2,TCH_138,0
STU_2338,93.58,67.6,19078.67,0,1,TCH_293,0
STU_2339,61.29,57.71,16086.83,0,0,TCH_323,0
STU_2340,86.78,65.78,23978.78,0,0,TCH_112,0
STU_2341,97.51,73.56,10879.72,1,0,TCH_145,0
STU_2342,66.18,56.5,11603.36,0,1,TCH_254,0
STU_2343,64.94,50.0,17474.52,1,0,TCH_212,0
STU_2344,56.53,46.75,3715.64,0,1,TCH_332,1
STU_2345,62.35,50.53,10597.02,0,1,TCH_116,0
STU_2346,57.77,58.89,55606.95,0,0,TCH_203,0
STU_2347,56.51,26.17,2574.13,0,0,TCH_322,1
STU_2348,87.98,70.51,7697.06,0,0,TCH_197,0
STU_2349,58.15,44.01,7655.57,0,1,TCH_287,0
STU_2350,73.88,53.81,17054.88,0,0,TCH_291,0
STU_2351,70.57,57.09,3677.39,0,0,TCH_187,1
STU_2352,92.47,75.34,16854.87,0,2,TCH_208,0
STU_2353,62.45,55.33,3497.97,1,1,TCH_262,1
STU_2354,75.72,54.79,3496.54,0,1,TCH_339,1
STU_2355,81.87,76.34,21539.41,0,1,TCH_169,0
STU_2356,92.35,66.38,7876.43,1,2,TCH_310,0
STU_2357,62.23,49.99,58862.32,1,1,TCH_257,0
STU_2358,60.73,59.28,2571.03,1,0,TCH_298,1
STU_2359,54.07,55.65,10834.69,0,0,TCH_173,0
STU_2360,100.0,73.88,3800.95,1,1,TCH_332,0
STU_2361,90.77,45.1,8493.6,0,1,TCH_323,0
STU_2362,69.37,52.77,96987.79,0,1,TCH_325,0
STU_2363,98.97,81.0,34952.11,1,2,TCH_162,0
STU_2364,68.47,67.97,2742.97,0,2,TCH_255,1
STU_2365,80.87,67.73,14426.12,0,0,TCH_159,0
STU_2366,70.15,57.3,17654.29,0,0,TCH_178,0
STU_2367,75.97,88.51,5527.0,1,0,TCH_321,0
STU_2368,74.38,60.9,4351.66,0,1,TCH_136,1
STU_2369,63.63,64.3,37210.78,0,0,TCH_320,0
STU_2370,86.39,58.48,54017.96,0,0,TCH_121,0
STU_2371,80.74,57.54,74225.15,0,0,TCH_295,0
STU_2372,85.42,77.72,25392.71,1,0,TCH_247,0
STU_2373,74.8,75.33,18337.45,0,0,TCH_195,0
STU_2374,56.4,49.94,8363.53,0,0,TCH_327,0
STU_2375,95.64,58.9,4820.24,1,1,TCH_341,0
STU_2376,66.06,57.96,3234.11,0,0,TCH_167,1
STU_2377,75.46,67.17,19728.15,0,0,TCH_318,0
STU_2378,79.53,68.71,25037.47,1,2,TCH_291,0
STU_2379,75.36,59.58,28269.66,0,2,TCH_116,0
STU_2380,83.73,68.71,38760.19,0,0,TCH_111,0
STU_2381,86.1,64.16,33795.15,1,0,TCH_249,0
STU_2382,66.63,48.86,125896.01,1,1,TCH_244,0
STU_2383,94.38,84.19,6196.98,1,0,TCH_237,0
STU_2384,66.0,60.58,23614.91,1,0,TCH_217,0
STU_2385,75.05,63.52,15245.0,1,0,TCH_292,0
STU_2386,64.18,53.44,6541.84,1,0,TCH_121,0
STU_2387,59.9,54.14,62182.06,1,1,TCH_317,0
STU_2388,85.66,73.0,36226.76,0,2,TCH_219,0
STU_2389,100.0,97.29,4063.36,0,1,TCH_309,0
STU_2390,64.57,65.29,2397.6,1,1,TCH_149,0
STU_2391,88.23,66.27,19487.19,0,0,TCH_113,0
STU_2392,65.11,52.51,15900.06,0,1,TCH_291,0
STU_2393,69.84,53.79,43189.93,0,0,TCH_274,0
STU_2394,96.36,75.81,5998.7,0,0,TCH_128,0
STU_2395,53.9,44.21,3322.44,0,1,TCH_303,1
STU_2396,49.93,54.7,6500.68,1,2,TCH_263,0
STU_2397,68.69,34.78,2286.64,1,0,TCH_326,1
STU_2398,79.95,73.32,2548.29,1,2,TCH_279,0
STU_2399,76.95,68.93,38951.49,1,0,TCH_224,0
STU_2400,75.41,77.87,8508.35,0,0,TCH_303,0
STU_2401,70.51,71.08,9935.07,0,0,TCH_106,0
STU_2402,81.8,62.24,2278.14,0,1,TCH_128,1
STU_2403,26.29,43.42,6731.39,0,2,TCH_238,1
STU_2404,58.74,53.56,26500.27,0,1,TCH_132,0
STU_2405,68.6,41.81,16336.82,0,0,TCH_233,0
STU_2406,80.57,69.93,23022.98,0,0,TCH_210,0
STU_2407,92.35,69.17,10891.76,0,1,TCH_178,0
STU_2408,56.72,54.04,7560.07,1,0,TCH_259,0
STU_2409,91.86,91.63,11890.18,0,0,TCH_278,0
STU_2410,63.21,60.17,7852.83,0,2,TCH_302,0
STU_2411,68.05,50.66,29392.57,0,1,TCH_157,0
STU_2412,78.72,76.88,7300.36,0,0,TCH_314,0
STU_2413,66.95,63.8,18171.72,0,0,TCH_125,0
STU_2414,86.65,60.64,4209.8,0,0,TCH_325,0
STU_2415,63.93,42.3,19416.88,0,1,TCH_273,0
STU_2416,64.16,48.72,38679.47,1,2,TCH_325,0
STU_2417,85.78,79.83,16069.73,0,1,TCH_128,0
STU_2418,58.55,52.12,14309.78,1,0,TCH_103,0
STU_2419,73.73,65.05,50708.46,1,0,TCH_308,0
STU_2420,45.09,33.67,16808.61,0,2,TCH_198,1
STU_2421,97.29,87.01,6507.47,1,2,TCH_240,0
STU_2422,88.1,52.71,7187.95,0,1,TCH_332,0
STU_2423,100.0,73.45,20327.3,0,0,TCH_138,0
STU_2424,90.08,78.23,21945.12,0,1,TCH_114,0
STU_2425,53.06,40.61,7425.23,1,2,TCH_218,0
STU_2426,80.03,74.16,8354.68,0,1,TCH_128,0
STU_2427,56.23,45.05,72752.44,1,1,TCH_256,0
STU_2428,93.67,63.94,3612.99,1,0,TCH_174,0
STU_2429,53.48,64.95,9778.96,1,0,TCH_215,0
STU_2430,52.76,53.2,2967.24,0,0,TCH_131,1
STU_2431,45.85,52.7,27812.11,1,2,TCH_229,0
STU_2432,62.67,67.79,3453.38,0,1,TCH_274,1
STU_2433,59.66,29.6,18813.21,0,1,TCH_305,1
STU_2434,51.08,56.99,2872.12,1,0,TCH_183,1
STU_2435,99.85,72.3,18760.28,1,2,TCH_121,0
STU_2436,77.95,60.48,29776.17,0,2,TCH_302,0
STU_2437,76.18,70.08,9632.95,0,0,TCH_126,0
STU_2438,93.84,72.67,13076.14,0,2,TCH_294,0
STU_2439,73.84,70.25,9700.98,0,0,TCH_180,0
STU_2440,58.77,54.85,7360.6,0,0,TCH_225,0
STU_2441,44.5,48.38,26388.34,0,0,TCH_335,1
STU_2442,57.92,49.85,6761.87,0,2,TCH_283,0
STU_2443,92.58,64.9,21253.0,1,2,TCH_191,0
STU_2444,51.17,43.3,5463.8,0,0,TCH_320,1
STU_2445,75.3,64.15,6312.31,1,1,TCH_120,0
STU_2446,85.51,89.68,8152.52,1,1,TCH_146,0
STU_2447,74.28,79.29,15343.14,0,2,TCH_307,0
STU_2448,75.98,59.06,11088.65,0,0,TCH_200,0
STU_2449,79.83,68.5,22505.9,0,1,TCH_286,0
STU_2450,75.69,62.54,5603.72,1,1,TCH_183,0
STU_2451,94.14,77.78,2160.94,0,0,TCH_105,0
STU_2452,54.4,55.23,24479.02,0,0,TCH_246,0
STU_2453,73.61,69.44,27860.05,0,1,TCH_284,0
STU_2454,42.73,16.62,2919.84,0,0,TCH_296,1
STU_2455,38.89,47.0,16159.07,0,2,TCH_230,1
STU_2456,68.77,57.28,9127.22,1,0,TCH_100,0
STU_2457,78.15,59.84,25690.59,0,2,TCH_157,0
STU_2458,94.46,84.62,33121.53,1,0,TCH_223,0
STU_2459,100.0,94.67,30557.51,1,0,TCH_265,0
STU_2460,89.8,80.77,24522.5,0,0,TCH_114,0
STU_2461,80.91,63.36,6701.2,0,1,TCH_261,0
STU_2462,72.4,52.68,27060.9,1,1,TCH_288,0
STU_2463,47.03,18.16,13436.77,1,0,TCH_262,1
STU_2464,67.81,62.51,2812.99,0,0,TCH_163,1
STU_2465,89.36,79.4,11158.0,1,1,TCH_340,0
STU_2466,83.47,69.07,44750.58,0,0,TCH_124,0
STU_2467,50.7,59.76,34820.02,0,1,TCH_123,0
STU_2468,79.21,54.32,3618.19,0,0,TCH_111,1
STU_2469,77.93,65.04,22446.09,0,1,TCH_117,0
STU_2470,75.25,62.65,26582.45,0,1,TCH_114,0
STU_2471,69.58,60.65,6749.21,0,2,TCH_335,0
STU_2472,79.98,79.67,11568.77,0,1,TCH_307,0
STU_2473,80.46,67.23,20619.3,0,0,TCH_126,0
STU_2474,60.38,53.28,10671.62,1,0,TCH_171,0
STU_2475,76.83,56.73,3795.22,1,1,TCH_159,0
STU_2476,67.16,73.58,20356.64,0,1,TCH_273,0
STU_2477,47.69,34.3,38394.82,0,2,TCH_316,1
STU_2478,61.58,51.42,17854.2,0,1,TCH_244,0
STU_2479,46.54,64.87,24295.09,0,1,TCH_192,0
STU_2480,84.7,75.5,8655.98,0,0,TCH_152,0
STU_2481,75.34,65.0,5035.38,0,0,TCH_107,0
STU_2482,64.67,59.02,17440.79,1,0,TCH_178,0
STU_2483,91.31,65.32,7957.35,1,0,TCH_126,0
STU_2484,71.02,61.93,31499.57,0,1,TCH_273,0
STU_2485,48.53,45.62,3962.36,1,0,TCH_149,1
STU_2486,63.41,59.84,10523.21,0,0,TCH_343,0
STU_2487,94.49,61.63,9580.8,0,0,TCH_298,0
STU_2488,59.96,59.95,43722.35,1,0,TCH_230,0
STU_2489,74.13,74.64,4493.21,0,0,TCH_192,1
STU_2490,81.16,66.66,2148.43,0,1,TCH_291,0
STU_2491,78.85,73.78,6078.81,1,0,TCH_271,0
STU_2492,100.0,83.1,27745.07,1,1,TCH_280,0
STU_2493,52.36,45.34,5522.96,1,1,TCH_123,0
STU_2494,53.85,41.73,6133.89,1,2,TCH_159,0
STU_2495,52.6,42.38,4087.19,1,0,TCH_221,1
STU_2496,65.56,62.27,20851.97,0,0,TCH_230,0
STU_2497,86.49,71.33,3075.25,0,0,TCH_247,0
STU_2498,54.52,65.47,8034.24,0,0,TCH_145,0
STU_2499,86.7,79.93,6979.71,0,2,TCH_114,0
STU_2500,70.53,70.2,14150.6,0,1,TCH_252,0
STU_2501,53.37,54.65,21663.14,0,1,TCH_321,0
STU_2502,43.73,36.62,13417.42,0,0,TCH_305,1
STU_2503,47.09,51.51,42110.38,0,1,TCH_298,1
STU_2504,60.01,56.65,47375.14,1,0,TCH_116,0
STU_2505,67.46,49.09,8728.69,0,1,TCH_225,0
STU_2506,90.19,86.21,24554.59,0,1,TCH_335,0
STU_2507,81.99,80.21,22137.11,1,0,TCH_183,0
STU_2508,57.42,43.01,35518.93,1,0,TCH_327,0
STU_2509,76.13,59.3,10911.58,0,2,TCH_108,0
STU_2510,94.77,71.36,13340.45,0,0,TCH_265,0
STU_2511,98.11,84.96,10062.02,0,0,TCH_275,0
STU_2512,65.28,64.12,30494.54,0,0,TCH_348,0
STU_2513,84.37,71.07,5914.67,0,0,TCH_287,0
STU_2514,90.85,77.25,6110.81,0,1,TCH_162,0
STU_2515,47.39,35.56,8992.69,0,1,TCH_313,1
STU_2516,62.31,61.2,5927.15,0,1,TCH_345,0
STU_2517,100.0,78.99,14349.07,0,0,TCH_344,0
STU_2518,65.48,52.5,4166.55,1,1,TCH_216,1
STU_2519,26.07,20.31,7789.05,1,2,TCH_229,1
STU_2520,68.19,61.18,38704.58,0,0,TCH_187,0
STU_2521,86.87,75.69,9894.81,0,0,TCH_171,0
STU_2522,70.1,45.03,22688.81,0,2,TCH_238,0
STU_2523,80.73,68.62,3806.47,0,0,TCH_163,0
STU_2524,84.07,71.67,6266.6,0,0,TCH_304,0
STU_2525,64.68,53.26,26702.86,0,0,TCH_308,0
STU_2526,62.21,61.12,23594.98,0,0,TCH_171,0
STU_2527,72.3,62.05,9320.21,0,0,TCH_120,0
STU_2528,72.67,66.43,48316.69,0,0,TCH_117,0
STU_2529,70.81,67.83,38226.74,0,1,TCH_321,0
STU_2530,71.43,68.2,51171.73,0,0,TCH_163,0
STU_2531,58.77,65.43,10377.01,0,2,TCH_181,0
STU_2532,81.25,72.14,5299.86,0,0,TCH_209,0
STU_2533,78.99,62.62,16778.93,0,2,TCH_338,0
STU_2534,49.96,43.5,19316.94,0,2,TCH_194,1
STU_2535,64.16,47.86,4010.55,0,1,TCH_265,1
STU_2536,71.4,64.35,25160.58,0,2,TCH_131,0
STU_2537,61.99,70.4,2273.38,0,1,TCH_110,1
STU_2538,79.56,64.15,11887.81,0,2,TCH_144,0
STU_2539,69.0,65.89,8029.93,0,0,TCH_316,0
STU_2540,72.54,56.0,22223.6,0,0,TCH_132,0
STU_2541,63.99,60.34,7626.09,1,1,TCH_201,0
STU_2542,40.1,56.65,28300.24,1,0,TCH_268,0
STU_2543,39.24,50.41,15556.3,1,2,TCH_235,0
STU_2544,78.84,51.6,25690.42,0,2,TCH_110,0
STU_2545,74.0,70.11,70119.75,1,0,TCH_313,0
STU_2546,76.58,72.11,19052.11,0,2,TCH_278,0
STU_2547,72.02,64.95,64945.97,0,0,TCH_187,0
STU_2548,73.22,70.61,2438.9,0,0,TCH_140,1
STU_2549,84.54,62.39,8190.52,1,1,TCH_244,0
STU_2550,76.67,66.63,3711.87,0,0,TCH_175,1
STU_2551,85.61,82.47,6563.37,1,1,TCH_220,0
STU_2552,72.57,73.74,29384.82,0,1,TCH_145,0
STU_2553,65.49,64.78,2492.86,0,0,TCH_259,1
STU_2554,72.91,54.92,13015.26,0,1,TCH_306,0
STU_2555,57.46,44.07,14559.72,0,1,TCH_179,0
STU_2556,64.3,59.73,14354.0,0,0,TCH_153,0
STU_2557,72.66,65.41,11673.85,0,0,TCH_185,0
STU_2558,72.46,62.48,25452.85,0,2,TCH_191,0
STU_2559,68.4,52.99,4150.14,0,2,TCH_247,1
STU_2560,49.18,53.88,7578.5,0,0,TCH_260,0
STU_2561,79.55,68.83,16345.99,1,0,TCH_301,0
STU_2562,82.51,72.41,19613.85,0,2,TCH_267,0
STU_2563,94.66,82.73,9766.46,0,1,TCH_259,0
STU_2564,76.63,63.24,33236.24,0,0,TCH_341,0
STU_2565,70.02,57.13,10054.81,0,1,TCH_196,0
STU_2566,54.8,63.96,9731.95,1,0,TCH_101,0
STU_2567,92.38,67.85,2553.19,1,1,TCH_324,0
STU_2568,73.72,59.54,14015.71,0,0,TCH_132,0
STU_2569,72.9,76.08,20500.04,0,0,TCH_332,0
STU_2570,66.19,54.24,3822.99,1,0,TCH_304,1
STU_2571,65.23,58.15,7466.99,1,2,TCH_257,0
STU_2572,80.32,64.07,24797.86,1,1,TCH_260,0
STU_2573,54.68,34.97,8833.69,1,1,TCH_176,0
STU_2574,94.38,75.4,6148.21,0,1,TCH_215,0
STU_2575,91.11,64.56,18730.3,0,0,TCH_253,0
STU_2576,64.69,61.36,5286.5,0,2,TCH_249,0
STU_2577,57.04,65.28,35900.49,0,0,TCH_202,0
STU_2578,39.77,21.72,3674.01,0,2,TCH_293,1
STU_2579,51.23,46.67,20390.71,0,0,TCH_265,1
STU_2580,80.95,73.09,12383.67,0,0,TCH_202,0
STU_2581,74.73,43.0,32595.19,0,1,TCH_189,0
STU_2582,77.4,79.81,4023.47,0,1,TCH_273,0
STU_2583,42.32,49.19,18993.16,0,2,TCH_221,1
STU_2584,64.06,69.27,14731.4,0,1,TCH_341,0
STU_2585,90.51,68.67,11811.5,1,0,TCH_242,0
STU_2586,68.56,56.7,12141.62,1,2,TCH_325,0
STU_2587,50.92,48.94,21200.77,0,0,TCH_205,0
STU_2588,68.33,82.38,43646.94,0,2,TCH_218,0
STU_2589,58.43,68.24,3435.31,0,1,TCH_271,1
STU_2590,75.01,66.33,2295.43,0,0,TCH_148,1
STU_2591,70.31,64.73,26575.65,0,0,TCH_203,0
STU_2592,78.15,73.24,3717.19,0,0,TCH_302,0
STU_2593,51.73,74.95,66796.26,1,0,TCH_160,0
STU_2594,63.27,61.79,16488.06,0,0,TCH_294,0
STU_2595,86.36,72.27,17784.51,0,0,TCH_222,0
STU_2596,49.69,46.43,5326.39,0,0,TCH_233,1
STU_2597,54.95,55.32,6122.72,0,1,TCH_108,0
STU_2598,72.99,57.92,18153.51,0,2,TCH_105,0
STU_2599,74.3,69.54,38073.73,1,0,TCH_172,0
STU_2600,62.67,43.27,62589.8,0,0,TCH_202,0
STU_2601,65.82,56.89,5310.28,0,0,TCH_322,0
STU_2602,78.0,74.15,4160.13,0,1,TCH_259,0
STU_2603,82.74,73.34,2870.82,0,2,TCH_140,0
STU_2604,53.96,47.75,32408.09,0,1,TCH_213,0
STU_2605,75.46,62.96,7237.3,0,2,TCH_303,0
STU_2606,92.68,85.96,2027.21,0,1,TCH_107,0
STU_2607,68.26,48.85,5800.53,0,1,TCH_171,0
STU_2608,53.8,40.24,8242.76,1,0,TCH_277,0
STU_2609,53.11,42.57,72634.93,0,2,TCH_191,1
STU_2610,67.59,60.45,13120.62,0,2,TCH_161,0
STU_2611,85.54,57.76,5435.8,0,1,TCH_183,0
STU_2612,69.39,71.16,8115.43,0,2,TCH_161,0
STU_2613,72.84,54.46,8014.05,0,0,TCH_210,0
STU_2614,55.05,55.28,2298.84,0,2,TCH_226,1
STU_2615,84.75,65.06,4178.56,0,0,TCH_106,0
STU_2616,52.82,51.03,19821.32,0,0,TCH_302,0
STU_2617,62.43,41.43,3921.78,0,0,TCH_183,1
STU_2618,79.45,77.68,5934.78,0,2,TCH_307,0
STU_2619,39.41,34.03,8478.77,0,2,TCH_231,1
STU_2620,72.61,52.9,23265.84,1,2,TCH_233,0
STU_2621,54.41,76.44,15098.5,1,2,TCH_157,0
STU_2622,70.25,67.69,19519.43,0,0,TCH_121,0
STU_2623,64.72,68.46,14555.69,0,2,TCH_253,0
STU_2624,100.0,84.59,19260.86,1,2,TCH_226,0
STU_2625,64.1,53.94,2042.69,0,1,TCH_102,1
STU_2626,97.64,65.52,42082.61,0,0,TCH_226,0
STU_2627,78.8,64.29,3763.52,1,1,TCH_140,0
STU_2628,57.98,45.01,9819.43,0,2,TCH_287,0
STU_2629,74.96,55.8,24113.01,1,2,TCH_205,0
STU_2630,65.43,43.43,10570.07,1,2,TCH_113,0
STU_2631,73.63,65.32,46017.46,0,2,TCH_302,0
STU_2632,59.29,71.31,11455.09,1,2,TCH_309,0
STU_2633,95.35,82.79,33184.35,0,1,TCH_345,0
STU_2634,83.88,69.27,26976.49,0,1,TCH_111,0
STU_2635,70.48,61.88,61438.93,1,0,TCH_186,0
STU_2636,95.94,47.08,41166.8,0,1,TCH_111,0
STU_2637,71.11,58.43,36259.96,1,1,TCH_240,0
STU_2638,86.46,57.61,21729.4,1,2,TCH_124,0
STU_2639,70.57,63.69,8859.23,1,0,TCH_144,0
STU_2640,75.91,62.95,3682.85,1,0,TCH_342,0
STU_2641,68.78,52.57,19502.33,0,0,TCH_221,0
STU_2642,71.43,63.98,59703.42,0,1,TCH_246,0
STU_2643,72.56,64.57,21452.53,1,1,TCH_154,0
STU_2644,59.95,71.16,41619.06,0,0,TCH_337,0
STU_2645,63.98,65.25,26467.95,0,0,TCH_199,0
STU_2646,66.75,62.22,4671.02,0,0,TCH_272,1
STU_2647,73.45,54.59,6299.31,1,0,TCH_235,0
STU_2648,69.54,50.99,8275.19,1,0,TCH_320,0
STU_2649,87.6,78.55,4763.54,0,0,TCH_218,0
STU_2650,82.71,67.62,15071.6,0,0,TCH_152,0
STU_2651,67.06,62.73,57605.97,0,0,TCH_282,0
STU_2652,90.73,84.22,23498.2,0,0,TCH_131,0
STU_2653,98.1,63.73,10258.75,0,2,TCH_150,0
STU_2654,39.34,57.58,2067.72,0,0,TCH_143,1
STU_2655,83.98,80.08,7637.34,0,0,TCH_181,0
STU_2656,59.61,35.22,13222.27,0,0,TCH_297,0
STU_2657,82.01,92.74,7879.0,0,0,TCH_245,0
STU_2658,88.57,76.36,3765.46,0,0,TCH_310,0
STU_2659,56.85,49.32,10771.52,1,0,TCH_249,0
STU_2660,42.22,50.52,6380.43,0,1,TCH_136,1
STU_2661,82.53,59.74,37991.79,0,1,TCH_195,0
STU_2662,72.03,68.68,3609.68,0,1,TCH_155,1
STU_2663,44.97,39.05,2756.03,0,1,TCH_204,1
STU_2664,100.0,100.0,2079.93,0,0,TCH_158,0
STU_2665,79.37,68.22,7964.01,0,2,TCH_230,0
STU_2666,80.05,74.53,18199.22,0,0,TCH_255,0
STU_2667,90.49,66.43,21663.0,0,1,TCH_301,0
STU_2668,61.29,64.94,11056.77,1,0,TCH_342,0
STU_2669,71.96,63.05,19295.8,0,2,TCH_134,0
STU_2670,50.21,36.01,8692.29,0,1,TCH_288,1
STU_2671,60.88,54.14,18530.55,1,0,TCH_192,0
STU_2672,75.78,84.78,2621.65,0,1,TCH_281,0
STU_2673,45.02,55.6,9432.97,1,0,TCH_290,0
STU_2674,60.46,52.48,25470.53,1,1,TCH_306,0
STU_2675,56.08,34.96,26368.73,0,1,TCH_196,1
STU_2676,72.13,54.95,20889.58,1,0,TCH_234,0
STU_2677,78.62,53.11,5426.84,1,0,TCH_175,0
STU_2678,81.13,50.23,6259.44,1,0,TCH_148,0
STU_2679,84.98,78.85,85158.39,0,1,TCH_193,0
STU_2680,90.58,74.97,3636.81,0,0,TCH_312,0
STU_2681,79.11,85.42,4988.89,1,1,TCH_258,0
STU_2682,98.31,69.01,4089.38,0,2,TCH_285,0
STU_2683,71.79,63.05,7954.75,0,0,TCH_288,0
STU_2684,67.4,46.5,5539.17,0,2,TCH_123,0
STU_2685,79.11,61.52,12328.01,0,1,TCH_247,0
STU_2686,66.75,57.83,11694.55,0,0,TCH_136,0
STU_2687,97.79,74.93,36766.34,1,0,TCH_103,0
STU_2688,86.96,72.71,2530.37,1,1,TCH_319,0
STU_2689,81.25,78.47,7782.28,0,0,TCH_207,0
STU_2690,71.97,71.85,15619.55,1,0,TCH_225,0
STU_2691,63.89,50.64,15925.52,1,0,TCH_119,0
STU_2692,80.52,68.01,11812.54,0,1,TCH_287,0
STU_2693,53.09,59.8,27365.05,0,1,TCH_251,0
STU_2694,93.02,86.17,2971.63,1,1,TCH_149,0
STU_2695,67.34,53.79,27350.59,0,0,TCH_276,0
STU_2696,74.58,71.83,12240.65,1,2,TCH_278,0
STU_2697,56.36,57.13,4153.91,1,2,TCH_195,1
STU_2698,80.84,57.85,34534.18,0,0,TCH_204,0
STU_2699,63.19,65.92,17714.32,0,0,TCH_263,0
STU_2700,79.74,69.36,4678.75,0,2,TCH_349,0
STU_2701,81.36,51.4,2513.43,0,2,TCH_216,1
STU_2702,60.29,53.23,4281.71,0,1,TCH_197,1
STU_2703,53.15,52.29,16077.97,1,2,TCH_327,0
STU_2704,92.98,69.73,4963.9,0,1,TCH_165,0
STU_2705,67.12,72.55,5838.16,1,0,TCH_178,0
STU_2706,73.37,76.67,2381.92,0,1,TCH_261,1
STU_2707,77.28,62.54,21252.31,1,1,TCH_263,0
STU_2708,51.19,45.79,26939.76,0,2,TCH_105,1
STU_2709,76.94,64.85,25907.03,1,0,TCH_138,0
STU_2710,71.49,60.89,4047.06,1,1,TCH_269,0
STU_2711,60.35,50.28,37042.3,0,1,TCH_342,0
STU_2712,52.65,14.5,18733.88,1,0,TCH_214,0
STU_2713,79.09,85.0,36172.58,0,0,TCH_285,0
STU_2714,86.92,72.15,10890.31,0,2,TCH_345,0
STU_2715,72.68,61.82,10615.93,0,0,TCH_224,0
STU_2716,48.48,52.34,25024.46,1,1,TCH_111,0
STU_2717,54.14,51.68,3469.12,0,2,TCH_230,1
STU_2718,63.52,53.81,13036.88,0,0,TCH_336,0
STU_2719,93.47,66.03,29153.52,1,2,TCH_117,0
STU_2720,66.3,41.39,28596.35,1,1,TCH_139,0
STU_2721,62.97,44.24,48898.85,0,0,TCH_120,0
STU_2722,44.9,35.77,19973.47,0,0,TCH_242,1
STU_2723,60.15,62.6,5493.56,0,2,TCH_324,0
STU_2724,51.51,58.15,2307.33,1,0,TCH_198,1
STU_2725,54.95,44.15,11792.05,1,0,TCH_125,0
STU_2726,71.8,36.44,12814.06,0,0,TCH_107,0
STU_2727,63.98,58.48,6121.74,0,0,TCH_199,0
STU_2728,95.49,73.08,3997.79,0,0,TCH_339,0
STU_2729,86.17,67.24,15235.88,1,2,TCH_321,0
STU_2730,60.87,66.08,23675.11,0,2,TCH_186,0
STU_2731,56.25,55.14,76761.59,0,0,TCH_141,0
STU_2732,90.74,64.68,23301.03,0,0,TCH_271,0
STU_2733,94.9,64.88,25671.44,0,1,TCH_113,0
STU_2734,37.09,39.63,16374.7,0,0,TCH_177,1
STU_2735,71.39,53.77,65947.83,0,2,TCH_101,0
STU_2736,66.22,59.01,17322.95,1,2,TCH_218,0
STU_2737,79.74,78.1,31518.86,0,2,TCH_136,0
STU_2738,99.14,65.69,45721.87,0,0,TCH_168,0
STU_2739,62.74,58.52,41858.61,1,0,TCH_265,0
STU_2740,39.09,52.6,9204.82,0,0,TCH_336,1
STU_2741,78.69,66.35,3228.93,0,0,TCH_140,1
STU_2742,90.85,81.73,4828.84,0,0,TCH_161,0
STU_2743,65.44,56.39,2915.74,1,2,TCH_345,1
STU_2744,59.42,57.36,3670.63,0,2,TCH_159,1
STU_2745,63.44,62.47,5062.09,1,2,TCH_224,0
STU_2746,82.75,63.93,8257.62,0,2,TCH_210,0
STU_2747,63.18,77.82,13763.8,0,0,TCH_113,0
STU_2748,74.93,70.73,20655.37,1,1,TCH_347,0
STU_2749,70.42,75.28,5553.45,1,0,TCH_330,0
STU_2750,68.87,72.03,18745.03,0,0,TCH_316,0
STU_2751,80.52,71.58,20274.07,1,1,TCH_183,0
STU_2752,62.82,71.55,14267.82,0,1,TCH_229,0
STU_2753,63.54,60.0,37091.52,0,1,TCH_330,0
STU_2754,81.96,61.88,3764.78,0,0,TCH_169,1
STU_2755,55.2,53.27,4924.2,0,0,TCH_244,1
STU_2756,56.8,44.02,10396.69,0,0,TCH_222,0
STU_2757,51.1,29.64,4032.36,0,0,TCH_188,1
STU_2758,82.74,61.12,14530.9,0,0,TCH_348,0
STU_2759,68.42,61.78,9622.45,0,1,TCH_127,0
STU_2760,50.3,60.8,7023.61,1,2,TCH_165,0
STU_2761,82.81,61.13,4794.76,1,0,TCH_262,0
STU_2762,61.67,67.1,8127.15,1,1,TCH_328,0
STU_2763,56.92,42.05,16045.85,0,0,TCH_104,0
STU_2764,67.06,51.04,14862.73,0,2,TCH_292,0
STU_2765,92.18,89.8,4680.16,1,0,TCH_267,0
STU_2766,64.08,58.92,4001.6,1,2,TCH_303,1
STU_2767,78.63,65.44,2405.59,0,2,TCH_283,1
STU_2768,80.91,70.9,2187.55,1,2,TCH_263,0
STU_2769,76.65,53.93,33780.28,1,0,TCH_144,0
STU_2770,89.07,70.13,2692.05,1,1,TCH_250,0
STU_2771,59.39,55.66,21707.99,0,0,TCH_146,0
STU_2772,54.35,64.92,32834.13,0,0,TCH_130,0
STU_2773,54.06,35.73,3548.07,0,0,TCH_238,1
STU_2774,67.83,78.33,10598.53,0,2,TCH_109,0
STU_2775,55.79,52.23,51172.61,0,2,TCH_294,0
STU_2776,72.21,52.22,28949.05,0,0,TCH_217,0
STU_2777,71.15,49.78,12091.47,1,1,TCH_113,0
STU_2778,85.28,73.9,23568.31,0,2,TCH_179,0
STU_2779,74.37,51.15,28880.38,0,0,TCH_301,0
STU_2780,63.76,52.65,8416.28,0,0,TCH_192,0
STU_2781,76.16,63.2,35405.61,0,0,TCH_109,0
STU_2782,54.55,64.17,11536.58,1,1,TCH_175,0
STU_2783,69.43,71.84,13255.52,0,0,TCH_193,0
STU_2784,74.79,58.44,124062.76,1,1,TCH_204,0
STU_2785,71.94,61.04,29801.62,0,0,TCH_100,0
STU_2786,76.23,49.78,8735.85,0,0,TCH_232,0
STU_2787,60.34,35.81,2155.99,1,0,TCH_119,1
STU_2788,87.28,60.08,16759.48,0,0,TCH_107,0
STU_2789,97.33,89.63,20256.55,0,0,TCH_270,0
STU_2790,45.96,55.38,17781.77,0,0,TCH_303,1
STU_2791,51.77,54.89,53565.91,0,2,TCH_100,0
STU_2792,70.65,47.81,31813.44,0,0,TCH_156,0
STU_2793,66.15,52.57,10935.73,1,1,TCH_163,0
STU_2794,98.45,70.49,2973.8,0,2,TCH_217,0
STU_2795,73.3,62.32,11695.64,1,2,TCH_311,0
STU_2796,90.89,72.24,19531.21,0,2,TCH_127,0
STU_2797,39.26,33.54,16036.3,0,1,TCH_220,1
STU_2798,82.21,72.82,13587.31,0,0,TCH_206,0
STU_2799,59.27,57.85,11489.79,0,2,TCH_264,0
STU_2800,59.03,48.13,7217.04,0,2,TCH_274,0
STU_2801,66.27,62.81,6872.39,0,2,TCH_328,0
STU_2802,48.63,60.42,12404.15,0,1,TCH_303,0
STU_2803,76.64,80.27,4626.08,1,1,TCH_264,0
STU_2804,72.86,68.62,8248.32,0,0,TCH_148,0
STU_2805,73.99,69.01,7872.97,1,1,TCH_340,0
STU_2806,83.31,67.58,15269.44,0,0,TCH_219,0
STU_2807,92.72,85.93,3035.14,0,0,TCH_143,0
STU_2808,64.54,48.02,28550.15,0,1,TCH_155,0
STU_2809,77.16,75.43,14396.01,0,0,TCH_255,0
STU_2810,74.39,61.76,18667.56,1,0,TCH_210,0
STU_2811,75.66,80.31,20215.09,0,2,TCH_306,0
STU_2812,75.89,71.42,7168.74,0,2,TCH_233,0
STU_2813,93.86,75.64,11533.69,0,1,TCH_207,0
STU_2814,63.1,55.5,48937.57,0,1,TCH_288,0
STU_2815,47.11,53.52,23831.79,0,2,TCH_247,1
STU_2816,59.53,60.49,54378.43,1,0,TCH_213,0
STU_2817,81.36,64.83,22571.34,0,1,TCH_177,0
STU_2818,70.35,63.13,4896.49,1,0,TCH_229,0
STU_2819,62.99,66.76,3000.69,1,0,TCH_300,0
STU_2820,53.85,38.68,14929.22,0,1,TCH_136,1
STU_2821,73.32,71.25,8643.14,0,1,TCH_119,0
STU_2822,79.67,73.01,6833.23,0,0,TCH_125,0
STU_2823,74.59,76.62,26692.38,0,0,TCH_128,0
STU_2824,66.2,52.56,8859.11,0,1,TCH_100,0
STU_2825,72.2,63.38,7718.93,1,1,TCH_218,0
STU_2826,72.11,65.32,30455.56,0,1,TCH_134,0
STU_2827,72.85,71.1,30090.05,0,0,TCH_297,0
STU_2828,52.24,55.63,8609.39,0,1,TCH_328,0
STU_2829,72.96,51.38,28801.46,0,0,TCH_344,0
STU_2830,63.39,60.95,30534.85,1,0,TCH_158,0
STU_2831,85.61,91.41,10272.91,0,1,TCH_168,0
STU_2832,71.99,69.31,3031.78,0,1,TCH_260,1
STU_2833,82.53,85.9,2023.79,0,0,TCH_340,0
STU_2834,65.47,69.71,13112.78,1,0,TCH_278,0
STU_2835,66.01,73.23,8325.64,0,1,TCH_305,0
STU_2836,92.41,78.55,89811.55,1,0,TCH_111,0
STU_2837,76.55,71.15,24203.21,0,0,TCH_333,0
STU_2838,59.28,58.12,23486.67,0,0,TCH_119,0
STU_2839,83.45,70.12,48597.53,0,0,TCH_280,0
STU_2840,62.0,64.62,34801.98,0,0,TCH_341,0
STU_2841,73.39,58.82,7745.01,0,2,TCH_315,0
STU_2842,97.55,97.38,4722.6,0,1,TCH_142,0
STU_2843,48.53,39.84,22549.95,0,1,TCH_225,1
STU_2844,67.36,68.53,9128.83,0,1,TCH_325,0
STU_2845,76.12,79.46,11613.24,0,1,TCH_316,0
STU_2846,81.47,67.12,16929.92,0,2,TCH_149,0
STU_2847,51.38,39.7,37768.76,1,1,TCH_128,0
STU_2848,46.96,59.73,10147.33,0,0,TCH_284,0
STU_2849,86.36,73.85,24939.79,0,1,TCH_138,0
STU_2850,59.19,63.65,6686.59,0,0,TCH_322,0
STU_2851,58.57,54.04,19958.52,1,1,TCH_283,0
STU_2852,93.25,93.27,2023.71,1,1,TCH_338,0
STU_2853,71.05,41.46,32778.24,0,2,TCH_270,0
STU_2854,71.14,66.45,2462.76,0,1,TCH_277,1
STU_2855,67.3,73.8,20711.23,1,0,TCH_250,0
STU_2856,51.64,52.04,2710.43,1,0,TCH_271,1
STU_2857,80.14,71.1,6643.72,0,0,TCH_137,0
STU_2858,76.14,61.34,12313.51,1,0,TCH_183,0
STU_2859,72.53,63.73,10169.32,0,0,TCH_250,0
STU_2860,68.26,44.23,5194.86,1,0,TCH_227,0
STU_2861,65.62,52.18,8092.82,0,0,TCH_225,0
STU_2862,83.69,62.34,21513.11,0,2,TCH_144,0
STU_2863,67.88,67.42,18596.21,0,0,TCH_151,0
STU_2864,69.04,55.71,3117.86,1,0,TCH_179,0
STU_2865,77.95,61.34,22634.22,1,0,TCH_277,0
STU_2866,73.12,60.09,2817.57,0,1,TCH_333,1
STU_2867,94.63,69.29,13743.66,0,0,TCH_223,0
STU_2868,43.58,48.84,6517.85,0,1,TCH_218,1
STU_2869,74.5,68.48,15289.7,0,0,TCH_107,0
STU_2870,59.42,63.9,6543.53,0,1,TCH_341,0
STU_2871,55.87,60.05,64953.6,0,2,TCH_184,0
STU_2872,63.14,63.41,7560.05,1,0,TCH_228,0
STU_2873,70.82,59.2,6155.3,0,0,TCH_346,0
STU_2874,71.49,58.96,6895.62,0,0,TCH_107,0
STU_2875,47.24,39.63,36018.82,0,1,TCH_256,1
STU_2876,61.88,48.24,17168.04,0,0,TCH_195,0
STU_2877,74.22,66.47,21678.05,1,1,TCH_201,0
STU_2878,56.85,46.91,39517.46,0,1,TCH_104,0
STU_2879,53.28,66.65,38434.56,0,1,TCH_338,0
STU_2880,36.16,41.32,22145.41,0,0,TCH_185,1
STU_2881,60.05,71.05,5306.42,0,0,TCH_274,0
STU_2882,52.76,57.37,29808.35,0,1,TCH_133,0
STU_2883,55.24,45.37,5418.12,0,2,TCH_292,0
STU_2884,65.92,58.93,22374.28,0,2,TCH_154,0
STU_2885,61.0,39.87,19356.48,0,2,TCH_218,0
STU_2886,52.51,53.41,23337.46,0,1,TCH_317,0
STU_2887,38.26,36.1,13411.3,0,1,TCH_270,1
STU_2888,74.53,53.59,17271.79,0,1,TCH_301,0
STU_2889,81.29,84.0,47966.62,0,0,TCH_257,0
STU_2890,64.05,68.74,3598.56,1,1,TCH_213,0
STU_2891,66.01,69.64,7540.92,0,0,TCH_309,0
STU_2892,70.04,69.85,16176.41,0,0,TCH_244,0
STU_2893,93.68,63.86,51886.12,0,1,TCH_125,0
STU_2894,46.48,43.89,3506.83,0,0,TCH_235,1
STU_2895,63.78,54.87,2342.11,0,0,TCH_146,1
STU_2896,44.17,29.4,2860.46,1,0,TCH_331,1
STU_2897,75.43,59.69,2807.43,0,2,TCH_212,1
STU_2898,67.84,55.24,37759.51,0,1,TCH_175,0
STU_2899,73.04,65.09,21162.02,0,1,TCH_318,0
STU_2900,72.3,88.7,18956.48,1,0,TCH_171,0
STU_2901,84.86,70.71,13090.15,0,0,TCH_188,0
STU_2902,78.07,68.11,24845.64,0,0,TCH_145,0
STU_2903,82.46,66.97,4537.79,1,0,TCH_295,0
STU_2904,54.02,59.79,9462.26,1,1,TCH_132,0
STU_2905,87.9,62.0,12100.29,1,0,TCH_100,0
STU_2906,59.16,74.46,3754.91,0,0,TCH_246,1
STU_2907,60.03,54.77,10158.34,0,0,TCH_130,0
STU_2908,74.06,60.49,7707.97,0,0,TCH_307,0
STU_2909,74.53,74.42,2543.46,0,0,TCH_241,1
STU_2910,53.92,43.44,4205.51,0,1,TCH_152,1
STU_2911,67.4,67.63,23661.19,1,1,TCH_147,0
STU_2912,92.32,89.45,2273.04,1,2,TCH_168,0
STU_2913,47.97,46.37,42829.19,0,1,TCH_204,1
STU_2914,92.28,95.9,3355.84,0,0,TCH_189,0
STU_2915,66.37,66.27,26084.53,0,1,TCH_289,0
STU_2916,34.93,47.53,36332.68,1,1,TCH_319,0
STU_2917,49.5,63.36,44487.78,0,0,TCH_293,0
STU_2918,55.55,69.64,32314.99,1,1,TCH_341,0
STU_2919,60.64,59.0,7085.68,0,2,TCH_291,0
STU_2920,68.43,69.03,8076.44,0,0,TCH_297,0
STU_2921,29.45,51.63,10341.16,1,1,TCH_162,0
STU_2922,72.8,52.06,4250.08,0,2,TCH_172,1
STU_2923,54.17,35.21,2337.86,0,1,TCH_260,1
STU_2924,90.86,73.94,32502.3,1,1,TCH_268,0
STU_2925,65.95,42.03,14115.87,0,0,TCH_188,0
STU_2926,84.14,67.35,16075.09,0,0,TCH_275,0
STU_2927,86.66,75.14,41257.07,0,1,TCH_112,0
STU_2928,86.25,68.99,18409.75,0,1,TCH_172,0
STU_2929,61.5,55.49,19609.1,1,2,TCH_344,0
STU_2930,61.31,46.77,25194.74,1,0,TCH_176,0
STU_2931,66.63,67.86,3855.39,1,0,TCH_258,0
STU_2932,79.54,57.09,8698.11,0,0,TCH_332,0
STU_2933,62.34,36.37,53728.07,0,0,TCH_302,0
STU_2934,68.21,58.85,40445.63,0,0,TCH_167,0
STU_2935,74.1,73.61,34322.22,1,0,TCH_197,0
STU_2936,56.43,54.65,11024.62,0,0,TCH_224,0
STU_2937,55.48,41.64,31193.91,0,0,TCH_201,0
STU_2938,67.63,61.6,2744.09,1,0,TCH_337,0
STU_2939,69.61,66.15,4411.64,0,2,TCH_231,1
STU_2940,76.51,66.81,10015.71,0,1,TCH_201,0
STU_2941,80.08,65.4,11907.07,0,0,TCH_118,0
STU_2942,53.51,56.97,6587.84,1,2,TCH_297,0
STU_2943,57.82,37.31,8611.95,0,1,TCH_325,0
STU_2944,55.44,44.32,4664.96,1,2,TCH_181,1
STU_2945,91.19,61.66,12074.72,0,0,TCH_240,0
STU_2946,68.2,74.4,25686.78,1,0,TCH_332,0
STU_2947,70.24,69.27,18242.28,0,2,TCH_122,0
STU_2948,70.87,64.37,3710.84,0,0,TCH_182,1
STU_2949,59.26,41.05,12029.21,1,2,TCH_208,0
STU_2950,93.46,83.52,19942.37,1,2,TCH_174,0
STU_2951,76.17,79.56,13322.0,0,2,TCH_228,0
STU_2952,70.59,68.07,9455.7,1,0,TCH_187,0
STU_2953,53.42,51.7,16589.52,1,0,TCH_153,0
STU_2954,52.57,57.86,53932.69,0,0,TCH_298,0
STU_2955,65.37,61.95,3495.78,0,2,TCH_188,1
STU_2956,59.5,64.96,9414.84,1,0,TCH_312,0
STU_2957,53.99,61.43,9828.45,0,1,TCH_242,0
STU_2958,64.44,56.45,14904.59,0,0,TCH_164,0
STU_2959,66.75,53.45,4476.21,1,0,TCH_175,1
STU_2960,72.13,59.28,4915.48,0,0,TCH_349,1
STU_2961,62.44,62.82,7039.67,0,1,TCH_298,0
STU_2962,54.89,49.54,48809.25,1,2,TCH_242,0
STU_2963,55.41,45.74,21870.01,0,0,TCH_248,0
STU_2964,88.19,72.91,18257.04,1,2,TCH_246,0
STU_2965,51.22,61.81,27470.57,1,1,TCH_159,0
STU_2966,75.45,66.62,4047.2,0,1,TCH_192,1
STU_2967,77.79,63.91,31420.38,0,1,TCH_316,0
STU_2968,68.18,64.11,15551.83,0,0,TCH_260,0
STU_2969,96.52,78.75,8126.95,0,0,TCH_148,0
STU_2970,77.53,47.18,27380.5,0,1,TCH_323,0
STU_2971,97.64,85.55,26335.15,0,0,TCH_340,0
STU_2972,60.23,60.22,30033.68,0,0,TCH_134,0
STU_2973,60.49,56.46,3841.3,0,0,TCH_271,1
STU_2974,77.91,77.37,54282.34,0,1,TCH_201,0
STU_2975,66.08,71.78,50143.6,0,0,TCH_317,0
STU_2976,95.28,85.16,8635.12,0,1,TCH_110,0
STU_2977,75.13,56.57,3022.48,0,0,TCH_198,1
STU_2978,54.33,44.44,4741.83,0,2,TCH_299,1
STU_2979,43.95,57.54,76069.47,0,0,TCH_209,1
STU_2980,68.83,42.52,14417.78,0,1,TCH_305,0
STU_2981,68.66,59.71,8615.34,1,1,TCH_173,0
STU_2982,74.71,69.22,7099.43,0,1,TCH_293,0
STU_2983,88.16,55.39,6455.72,0,0,TCH_273,0
STU_2984,86.19,74.06,18366.48,0,1,TCH_108,0
STU_2985,61.32,66.33,10155.08,0,0,TCH_102,0
STU_2986,50.59,35.5,52463.16,0,0,TCH_184,1
STU_2987,51.49,67.47,19272.75,1,1,TCH_125,0
STU_2988,58.95,45.27,25556.47,0,1,TCH_171,0
STU_2989,64.5,64.45,7195.39,1,1,TCH_147,0
STU_2990,74.58,63.91,3237.46,0,2,TCH_293,1
STU_2991,57.99,55.49,12036.27,0,0,TCH_297,0
STU_2992,74.21,51.69,7665.89,0,2,TCH_255,0
STU_2993,75.43,77.86,5386.26,0,0,TCH_216,0
STU_2994,72.15,66.55,47750.33,0,1,TCH_320,0
STU_2995,53.07,68.05,10804.49,0,1,TCH_253,0
STU_2996,77.02,53.64,4880.28,0,0,TCH_252,1
STU_2997,100.0,78.19,5321.87,0,0,TCH_111,0
STU_2998,73.69,66.31,6942.35,0,1,TCH_232,0
STU_2999,25.7,36.03,111319.17,0,0,TCH_325,1
